id,keyword,location,text,target,Correct Prediction,BERT-8b7db91c,LSTM_DROPOUT-GloVe-8b7db91c,GRU-GloVe-8b7db91c
61,airplane%20accident,"California, USA",@rewind_music found out about you guys today(regarding the accident on the airplane lol) &amp; became a fan! Sending love &amp; support from Cali~?,1,1,0.13628572226,0.37621092795999994,0.47943532467
77,ambulance,Happily Married with 2 kids,AMBULANCE SPRINTER AUTOMATIC FRONTLINE VEHICLE CHOICE OF 14 LEZ COMPLIANT | eBay http://t.co/7X3PDDbT0Z,1,1,0.10032334924000001,0.15321075916,0.06679053605
81,ambulance,Worldwide,New Nanotech Device Will Be Able To Target And Destroy Blood Clots http://t.co/MnmyJXQ9go #science,1,1,0.31576785445,0.24390316010000002,0.13427338004
91,annihilated,,@johnboywest The only 'stage' the drama queen can stand on is a drama stage &amp; certainly never the world stage; he would be annihilated.,1,1,0.07303491235000001,0.12696318328,0.08478593826
99,annihilated,,They should all die! All of them! Everything annihilated!,1,1,0.18042862415,0.0592209734,0.11636208742999998
103,annihilation,,Please sign &amp; RT to save #SaltRiverWildHorses http://t.co/GB8ispiaRP http://t.co/Bx0l87iNc8,1,1,0.12107759714000002,0.08380333334,0.08774001151000001
157,army,,VICTORINOX SWISS ARMY DATE WOMEN'S RUBBER MOP WATCH 241487 http://t.co/q6VCJaTfjx http://t.co/m1cpEw7kbh,1,1,0.07893556356,0.14972190559,0.06107964367
176,arson,,WEHTWTVWlocal: Trial date set for man charged with arson burglary. https://t.co/eUk7lKS11r,0,0,0.69816994667,0.7711610198000001,0.71742337942
208,attack,,#People #Tilly the #Confused Cat Overcomes Horrible Attack to Win Hearts http://t.co/QtrsYxFzo3,1,1,0.05105370283,0.19021898508,0.19067279994000003
222,attacked,Indonesia,I attacked Robot-lvl 1 and I've earned a total of 16000 free satoshis! http://t.co/2PZcXSkNCg #robotcoingame #Bitcoin #FreeBitcoin,1,1,0.03074321151,0.13918492198,0.030867975210000002
226,attacked,"Helsinki, Finland",@LogitechG BUT THEN THE FIRE NATION ATTACKED....,0,0,0.62008976936,0.6476316452,0.71361327171
229,avalanche,"Down, down, baby...,SC.",I was having such a peaceful happy Twitter experience ...then *AVALANCHE OF IDIOCY*!!!!!! https://t.co/iIR1v39THE,1,1,0.1281940341,0.36554005742,0.11758517474
232,avalanche,,One glance and the avalanche drops. One look and my heartbeat stops.' Oh WALK THE MOON how you get me.. I couldn't have said it better.,1,1,0.10361084342,0.28491142391999996,0.21544061601
243,avalanche,,02 03 04 05 AVALANCHE 1500 REAR AXLE ASSEMBLY 2055271 http://t.co/VxZhZsAlra http://t.co/HmXWRkbLS0,1,1,0.08399227262,0.47363173962,0.4746295213699999
244,avalanche,"Denver, CO",Senators have another year to determine Hoffman's v... #ColoradoAvs #NHLAvalanche http://t.co/CIzZOc6f0D http://t.co/PEmYHD3Nfz,1,1,0.21354159712999998,0.26469433308,0.1527351141
247,avalanche,,@90sAngelicMalik listen to wtm avalanche and take a deep breath,1,1,0.33532905579,0.11051107943,0.22288575768000002
248,avalanche,,Now there's an avalanche... These men are lunatics #livingontheedge,1,1,0.38036975265,0.35518684983000004,0.44866254926000004
254,battle,USA!,I liked a @YouTube video from @screwattack http://t.co/W5dLLV48cs Knuckles punches into DEATH BATTLE!,1,1,0.06778097153,0.14129836857,0.08594479412
267,bioterror,"Jacksonville, Florida",In offbeat news @fedex has stopped shipping bioterror pathogens http://t.co/gvXXidHOlF,1,1,0.41545307636,0.4777862131600001,0.19563761353
278,bioterrorism,,Anthony Kimery Discusses #BioTerrorism on SyFy Channel's 'Joe Rogan Questions Everything' http://t.co/zckJWAcRCs,1,1,0.20350989699000002,0.06743358076,0.055084332820000005
285,bioterrorism,,To fight bioterrorism sir.,1,1,0.29602867364999996,0.06971256434999999,0.12931938469
287,bioterrorism,Philippines :),@prsnvns that's good to hear. Mine could be better but I can manage. It's alright you do what you have to. Bioterrorism doesn't wait.,1,1,0.47175896168000003,0.060367617760000006,0.06875163317
294,blaze,Texas,I liked a @YouTube video from @ashens http://t.co/yC9tywuzQm Blaze / Atgames Handheld Mega Drives | Ashens,1,1,0.02195203304,0.07557041198,0.06296020001
296,blaze,,Omg i need to go like yesterday ???? https://t.co/3oP6G7ovzO,1,1,0.07757416368,0.08750475197999999,0.05017496645
322,bleeding,Sherbrooke & MontrÃÂ©al,You cut me open and I keep bleeding. #BleedingLove #LeonaLewis #acapella #singer #canadiansingerÛ_ https://t.co/51pfEIlPNK,1,1,0.05969157815000001,0.050429284569999996,0.04301186651
326,bleeding,Outworld,@imKanoMate [the stabbing did not really affect her but she did get stab wounds and was bleeding Skarlet then pushed him backwards +,1,1,0.39542496204000005,0.34522715210999994,0.47212439775
351,blight,"Cleveland, Ohio",Lots of talk of how susceptible NY2 is to shoot blight with or without trama. #WCFGT2015,1,1,0.36639708280999994,0.11002445965999998,0.11254746467
358,blight,,2:20 BLIGHT ?? EVERY DAY,1,1,0.09286910295,0.07690547407000001,0.06194161996
363,blight,The other side of the mirror,"This is the Red Eye crossing the ocean
Peeling potatoes with servile devotion...

#BLIGHT!",1,1,0.21820417047,0.22741115093000003,0.17304357886
373,blizzard,,@EddieTrunk Blizzard of Ozz,1,1,0.15542200207999998,0.14883349835999998,0.23890407383
392,blood,,seeing more blood and surgery than a regular GP behind a desk and they say dentists aren't real doctors .... Ok,1,1,0.21926417946999996,0.24634914100000002,0.14754292369000002
424,blown%20up,,@MalikChaimaa I hope Zayn gets blown up in a drone attack whilst visiting family in Pakistan ??,0,0,0.89793395996,0.93788725138,0.78269714117
426,blown%20up,Australia,@bmrow At first thought it was a blown-up DVD as I'm pretty sure POST MORTEM had been years back.,1,1,0.15085211396,0.07048650831,0.045197490599999994
431,body%20bag,,"#3682 Nikon D50 6.1 MP Digital SLR Camera Body 2 batteries carry bag and charger http://t.co/TeT9q0kXvl

$200.00
Û_ http://t.co/h3XgoxTFfi",1,1,0.07501271367000001,0.03210056573,0.0530500263
436,body%20bag,,"#7294 Nikon D50 6.1 MP Digital SLR Camera Body 2 batteries carry bag and charger http://t.co/SL7PHqSGKV

$200.00
Û_ http://t.co/T4Qh2OM8Op",1,1,0.07501271367000001,0.03210056573,0.0530500263
446,body%20bagging,North West,Bagging the last spot on Body Attack ?????? #getin #traintuesday #lesmills,1,1,0.08167916536,0.28224441409,0.15977361798
469,body%20bags,,Womens Flower Printed Shoulder Handbags Cross Body Metal Chain Satchel Bags Pink http://t.co/vBZqWzNxH7 http://t.co/NXIhHeP1Ea,1,1,0.04759031534,0.02966265008,0.01327995863
495,bombed,,@davej798 @JohnEJefferson remind me when SomaliaEritrea &amp; Nigeria were bombed by UK 28% of asylum applicants to UK 2014 were from S &amp; E,0,0,0.90665686131,0.72755640745,0.70875775814
496,bombed,Birmingham.,#SitCTips if you do vlog you WILL get video-bombed.,1,1,0.06309658289,0.28703200816999996,0.33128198981
516,bridge%20collapse,India,Ashes 2015: AustraliaÛªs collapse at Trent Bridge among worst in history: England bundled out Australia for 60 ... http://t.co/l5ULCx4mOm,0,0,0.61778151989,0.74722981453,0.62397819757
523,bridge%20collapse,,Australia's Ashes disaster - how the collapse unfolded at Trent Bridge http://t.co/UqEtEeltVU #telegraph,0,0,0.93360555172,0.99403834343,0.9607632160200001
526,buildings%20burning,"Liverpool, England",a very scary thought is if 9/11 had happened today their would be teenagers taking selfies in front of the burning buildings,0,0,0.87543386221,0.5809788107899999,0.65716636181
531,buildings%20burning,Las Baegas,Like how are ppl not burning these buildings down knowing why it was originally created?,1,1,0.13177159429000002,0.32112681866,0.4461528658899999
533,buildings%20burning,,@chistate33 @thehill What hate crimes? It's the looney libs that are always burning down buildings and vandalzing private property,1,1,0.46761173009999996,0.48978188634,0.48282548784999996
537,buildings%20burning,Cin City,@TravDave @Kornbread_ICU especially where it happened. Really nothing to tear up. Burning the buildings saves the city money for real,0,0,0.5071475505799999,0.6901922822,0.64158713818
541,buildings%20on%20fire,Wellington,"Jane Kelsey on the FIRE Economy
5th Aug 5:30ÛÒ7:30pm
Old Govt Buildings Wgton
The context &amp; the driver for #TPP and #TRADEinSERVICESAgreement",0,0,0.55880957842,0.8276515006999999,0.88284569979
544,buildings%20on%20fire,?arsehole squad?,@blainescronuts thats what i would do if there were buildings on fire,0,0,0.79890358448,0.74827200174,0.85873061419
560,burned,557619,This is why you should be burned at the stake ! https://t.co/YpezipY2NY,1,1,0.20297089219,0.29792818426999995,0.23186610639000002
579,burning,SoCal,@JanelleBrown117 YES! We are comrades in sweat-seeking calorie-burning cardio-torture! We need all the support we can get- smile nod wave,1,1,0.10448139906,0.11905616522,0.10518549382999999
580,burning,,WoW Legion ÛÒ Slouching Towards The Broken Isles: Warlords of Draenor wasnÛªt close enough to The Burning Crusad... http://t.co/RKpmoMQMUi,1,1,0.42664146423,0.34822714329000004,0.24029254913000003
581,burning,Los Angeles/ Las Vegas/ Boston,@TheVenskus you led a killer workout today @TheSweatShoppe my core is burning. Now #gymtime #worktime #auditiontime #roccotime #noBS,1,1,0.04508572817,0.13811154664,0.22653251886
583,burning,,Burning bridges is my forte!,1,1,0.15731078386,0.18707440794,0.31686422229
588,burning,faisalabad,@TarekFatah you are burning in enemity of Pakistan .i m sure you will burn more and more,1,1,0.48322185873999995,0.38782042265,0.4045663476
597,burning%20buildings,,Firefighters are some brave people in my opinion bc I clare I don't know I could save ppl from burning buildings and houses I salute them ???,0,0,0.76495689154,0.78878813982,0.76515728235
601,burning%20buildings,,@Trubeque Destruction magic's fine just don't go burning any buildings.,1,1,0.32826143503000005,0.46275168657,0.35391870141000004
603,burning%20buildings,San Diegohhjhhhhhghghpjg,What if we used drones to help firefighters lead people out of burning buildings/ help put the fire out?,0,0,0.7931309938400001,0.95066952705,0.91083347797
626,casualties,"Arizona, USA","Obama 'lambasted 4 not being respected &amp; 4 being a jokeÛ
Would #Trump prefer more civilian casualties?
http://t.co/gxQMDMzA1u
#GOP
#maddow",0,0,0.68394613266,0.5607752203899999,0.6526568532
629,casualties,,Let's appreciate that the group of people that everyone hates so much the police prevented mass casualties today in Nashville.,0,0,0.8774356842000001,0.8599727153799999,0.85794490576
633,casualty,"Pasadena, CA","#LegalJobs Litigation Attorney in Scottsdale AZ: Claims Specialist II Casualty Bodily Injury 
The can... http://t.co/zqrQEg3Cxl #Jobs",1,1,0.18866124749000002,0.2838434875,0.38272452354000003
654,catastrophe,London UK,Gaza 2014 - The Summer of Catastrophe https://t.co/gm3YI1D1dV #gaza #palestine #israel #BDS,0,0,0.87955743074,0.99525511265,0.9809868931799999
659,catastrophe,Puerto Rico,@BarackObama hello Mr. President there is a really big problem in Puerto Rico regarding the water situation no more like a catastrophe...,0,0,0.90670490265,0.61304211617,0.64260083437
669,catastrophic,Kansas City,How should a society respond to a looming crisis of uncertain timing but of catastrophic proportions?' http://t.co/rIiesTP9zY,0,0,0.56010621786,0.70470190048,0.80296391249
670,catastrophic,"Seattle, WA","Dear @CarlyFiorina Will you or anyone in your family be alive in 2040?

#climatechange #GOPDebate 

http://t.co/j7Q2ySOMvR

#FeelTheBern",1,1,0.24262017011999998,0.28640192747,0.13220603764
678,catastrophic,Edmonton,I suffered a catastrophic pants failure at work today. I resorted to tying my jacket around my waist til I got to a thrift store. #trustory,1,1,0.10331130027999999,0.09542725234999999,0.09444268792999999
709,collapse,"Kampala, Uganda",Greece's tax revenues collapse as debt crisis continues http://t.co/V5yyzNGRBZ,0,0,0.6780505180399999,0.95875930786,0.8839027285600001
712,collapse,"Leeds, England, United Kingdom",We all knew Cain wasn't going to die... It's either Val or someone is gonna collapse later on... #Emmerdale #SummerFate,1,1,0.07004371285,0.26061937213,0.37733525038000004
719,collapse,Los Angeles,Technical Collapse -&gt; http://t.co/BfJB5H4tuW $WLB Down -3.43% to New Low http://t.co/cSXEKREDUg,1,1,0.35332822799999997,0.34474617243,0.15109564364
723,collapse,"Paterson, New Jersey",Greece's tax revenues collapse as debt crisis continues: As talks continue over proposed âÂ86bn third bailout ... http://t.co/7w2WiEFjuq,0,0,0.72096586227,0.8678884506200001,0.8709549903899999
727,collapsed,,I used to have a good time from June to about July 10th then my summer just collapsed smh,1,1,0.14693945646,0.18457093835000002,0.20407509804
728,collapsed,"(queer, trans, he/him, black)",i remember when i was little and i didnt want to say the pledge and the school collapsed and pit to hell opened,1,1,0.24133092165,0.16840800642999998,0.36343502998000005
729,collapsed,,But the ceiling and the walls collapsed. Upon the darkness I was trapped.,1,1,0.13194715977,0.27819389105000003,0.28719750047
739,collide,"Conway, AR",We had a room full of people lifting up Collide in prayer!! We are so excited for Friday night!! http://t.co/645dYNAMy8,1,1,0.19721186160999998,0.1472350657,0.07915773988
750,collide,Canada,"When transgender Sam takes runaway Lizzie in two very different worlds collide as they explore unjust boundaries and trust.
Sam(uel)
#books",1,1,0.12031692265999999,0.08649703115,0.14122609794000002
752,collide,INEQUITY IS INJUSTICE || NJ,Trump &amp; Bill Clinton collide in best conspiracy story ever http://t.co/ABkhBhNLOz via @motherjones TRUMP DEMOCRATIC PLANT? lmao #lastword,1,1,0.08646962047000001,0.18570162356,0.03734645247
796,crashed,Kentucky,@thomicks Isn't showing up for me. I think it crashed.,1,1,0.31221562624000004,0.22431275249000002,0.14700479805
800,crashed,London,@PahandaBear @Nethaera Yup EU crashed too :P,1,1,0.45189911127,0.29106947780000003,0.31762489676
803,crashed,"Ventura, CA",Got a ticket &amp; my car got crashed man life's great !,1,1,0.18964511156,0.14859002829,0.15576711297
805,crashed,USA,Website Malfunctioning? PHP Scripts not working? Database Crashed? Need a Unique Script? PHP PRO to the rescue! http://t.co/LadH9Oo086,1,1,0.25387328863,0.19032870233,0.07210341096
807,crashed,Edinburgh/ West Yorkshire,The last few days have proven how popular the #BBC is. Over 9m watched Bake Off and iplayer crashed due to cricket commentary.,1,1,0.16205379367,0.37464550138,0.32369953394
820,crush,"MNL, Philippines",omg I have a huge crush on her because of her looks. ... ÛÓ Not necessarily I dont think so! She is looks way be... http://t.co/xqmaTI4GI6,1,1,0.06881245971,0.07864960283,0.13365036249
836,crushed,"Piscataway, NJ",@Brandon_Warne MLB has that ball at 462 feet. Absolutely crushed.,1,1,0.18690875173000002,0.07863241434,0.049617301669999996
839,crushed,"Hodesto, Cuntlifornia",@Spicenthingsup wtf!? I can't. The love bit. I really think that's how she feels. Massive crush that got crushed.,1,1,0.06475308537,0.044910620899999996,0.03504658863
840,curfew,Jammu Kashmir,@GhazalaBaji : Exactly! Curfew like situation when I sit with dad,1,1,0.29974871874000003,0.16282732785,0.1416759491
841,curfew,"Lufkin.Texas,USA",Black African refugees in 'Israel' cannot attend Kenye West concert due to curfew for black refugees.. http://t.co/S0usjQYIJe,0,0,0.7213794589,0.98476010561,0.9561343193100001
844,curfew,Ohio land of no sun,@CurfewBeagle @beaglefreedom Pretty Curfew!!!??,1,1,0.03922459483,0.13700287044,0.11055064945999998
846,curfew,770 to Benedict College,everybody like fuck curfew.. and i'm sitting here like i'll be in bed by 12.,1,1,0.16344767809,0.06072264537,0.032819893210000006
853,cyclone,"Miami, FL",Happy to report all is quite in the TROPICS. Cyclone Development not expected at this time @CBSMiami @MiamiHerald http://t.co/vI5oVsaHqL,0,0,0.9276472926100001,0.8048022985500001,0.54026949406
885,danger,"Trujillo, Peru",In my post today I talk about the dangers of interruptions. Do they annoy you?http://t.co/zh6AusFbwh,1,1,0.049607962369999994,0.09407871962000001,0.05140174553
886,danger,,@TheElmagoo @GOPTeens @FoxNews @pattonoswalt anyone who actually plays that drinking game is in serious danger of alcohol poisoning,1,1,0.15445524454,0.1214934811,0.10463050752999999
896,dead,"South Carolina, USA",dead https://t.co/ESsxzdTcQJ,1,1,0.08193767071000001,0.33469268679999997,0.20554822682999999
914,death,,@baeffee @RandomPelar the black death (black death whoo!),1,1,0.15027862787000001,0.24523174763,0.22182916105
919,death,,@ITristonTyler CONFESSION when I was little I had a hamster and my room was so cold it froze to death!?? OOPS......,1,1,0.03888854384,0.18736746907000001,0.17478451133
937,deaths,,Bigamist and his Û÷firstÛª wife are charged in the deaths of his Û÷secondÛª pregnant wife her child 8 her mother her nephew 1 and their uÛ_,1,1,0.38944169879,0.42100512981,0.28959113359
940,debris,Seattle,Is a wing part enough to solve the MH370 mystery?: http://t.co/ys2bveKlxK,1,1,0.45205152034999996,0.35220375656999997,0.17181135714
986,demolish,"Southend-on-Sea, England",Salvation Army bid to demolish cottages http://t.co/3kuXonOchl #Southend http://t.co/enQaSCGFyw,1,1,0.26029878855,0.21972757578000002,0.09147939086000001
989,demolish,Global,Enugu Government to demolish illegal structures at International Conference Centre: Enugu State government app... http://t.co/bzINn2wXHu,0,0,0.6482989788100001,0.52677053213,0.5169109702100001
1003,demolished,????,It was finally demolished in the spring of 2013 and the property has sat vacant since. The justÛ_: saddlebrooke... http://t.co/7FOnHQtlyv,1,1,0.10058939457,0.13664987683,0.0963800475
1022,demolition,Ohio,Real-life 'Up' house set to be saved from demolition by charity http://t.co/rdD5Fe1qyJ,1,1,0.19796442985999999,0.22201259434,0.1035316065
1032,demolition,,@Johnny_Detroit Tag Team for me was Demolition. Awesome intro song scary looking and just destroyed there opponents.,1,1,0.19401037693,0.11036806554000002,0.07002973557
1035,demolition,,Photo: mothernaturenetwork: SeattleÛªs demolition-dodging Û÷UpÛª house to live on as affordable housing But... http://t.co/szG0HsNJEw,1,1,0.38909012079000005,0.37234035134000004,0.18994337320000002
1038,derail,Road to the Billionaires Club,@ALESHABELL GM! I pray any attack of the enemy 2 derail ur destiny is blocked by the Lord &amp; that He floods ur life w/heavenly Blessings,1,1,0.23218497634,0.34383288026000003,0.25131028891
1048,derail,"Accrington, Lancashire",BCC: Premature interest rates increases could derail the recovery: Commentating on todayÛªs interest rate decis... http://t.co/aftpebIkbO,1,1,0.40366414189000005,0.37943616509000005,0.4506919682
1059,derailed,"st. louis, missouri",We may be derailed right now but we are going to keep holding on to remain on track' -@kristnmalea #DerailingDistractions,0,0,0.9280225038500001,0.54982239008,0.55668252707
1086,desolate,Outreach Africa,And the 10 horns which u saw on the beast these will hate the harlet make her desolate and naked eat her flesh and burn her with fire,1,1,0.15648522972999998,0.17341974378,0.1519125998
1092,desolation,,desolation #bored,1,1,0.17395988107000002,0.0658056289,0.042067248370000004
1099,desolation,"Medford, NJ",Watching Desolation of Smaug and I always love catching the cameos. Caught Jackson at the beginning and Colbert just now.,1,1,0.04217234254,0.04336097091,0.05783405900000001
1118,destroyed,,Media stocks are getting destroyed (DIS FOXA CMCSA SNI AMCX VIAB VIA TWX) http://t.co/dQd3YtaZfG,1,1,0.14121443033,0.11548567562999999,0.10952536017
1121,destroyed,USA,Black Eye 9: A space battle occurred at Star O784 involving 2 fleets totaling 3946 ships with 14 destroyed,1,1,0.25830373168000004,0.34530058503,0.17453157902
1155,detonate,,"Apollo Brown - Detonate (ft. M.O.P.) [Single] http://t.co/S5mU04L2rl
@ApolloBrown",1,1,0.22656342386999997,0.2357814014,0.15166321397
1165,detonate,Boulder via DC,First Stearns grenade thought to be WWII-era. This one apparently newer. Bomb squad plans to detonate around 8 p.m. http://t.co/qppTQ6oTat,0,0,0.77942591906,0.9798145890200001,0.8988997340200001
1169,detonation,,Ignition Knock (Detonation) Sensor-KNOCK SENSOR Delphi AS10012 http://t.co/LArrNhoBsN http://t.co/6YwZWmxFDP,1,1,0.21801167726999998,0.09049848467,0.08915590494999999
1172,detonation,,Detonation fashionable mountaineering electronic watch water-resistant couples leisure tabÛ_ http://t.co/GH48B54riS http://t.co/2PqTm06Lid,1,1,0.27296769619000005,0.19124516844999997,0.11877373605999998
1174,detonation,,Detonation fashionable mountaineering electronic watch water-resistant couples leisure tabÛ_ http://t.co/RqOvPljpse http://t.co/UhKwVSoWSt,1,1,0.27296769619000005,0.19124516844999997,0.11877373605999998
1175,detonation,,Ignition Knock (Detonation) Sensor-Senso fits 90-96 Subaru Legacy 2.2L-H4 http://t.co/pcCksm1tVM http://t.co/yWzngj7uow,1,1,0.26297599077,0.0699582696,0.10692871361999999
1180,detonation,,Ignition Knock (Detonation) Sensor-Senso Standard KS225 http://t.co/IwrCPmjOah http://t.co/zZMM9xEccW,1,1,0.27341747284,0.19821873307,0.17829534410999998
1183,detonation,Please follow and RT! :),WATCH: Israel performs controlled detonation of land mines on Golan Heights - Jerusalem Po... http://t.co/0Y07oA5UeX #israel #israelnews,0,0,0.9593575000799999,0.99213916063,0.92540997267
1204,devastation,wherever Wolf Blitzer is,#CNNHoTD soccer mom wild swimming handcuffed child teen hookup case nuclear devastation showers Miss Piggy... http://t.co/XG9s40AFtZ,0,0,0.7285168767,0.8640815019600001,0.83768051863
1212,devastation,EspaÃÂ±a/Catalunya/Girona,Is This Country Latin America's Next 'Argentina': One week ago we reported on the economic devastation in he o... http://t.co/J3rcOflDyA,0,0,0.76878929138,0.76036715508,0.80165618658
1220,disaster,"UiTM, Shah Alam",Time to End the Disaster of Rail Privatisation http://t.co/ksxznPY5gt,0,0,0.58555084467,0.87002825737,0.77564573288
1247,drought,"Beaumont, Texas",Drought report lists SE Texas as 'abnormally dry' http://t.co/wBOXpyoZj0 #SETXNews,0,0,0.97545957565,0.9293913245200001,0.71533763409
1274,drown,"Austin, TX",absolute drown your Wagyu steak in heaping piles of moist Smuckers Grape Jam,1,1,0.04506239295,0.07221636921,0.038921326400000004
1275,drown,"BogotÃÃ, Colombia",Drown me you make my heart beat like the rain.,1,1,0.10039281845,0.06414194405,0.028749790039999997
1290,drowned,Ex Astris Scientia. TSSADID.,@BenWunsch I ALMOST DROWNED AT SEA,1,1,0.37067770958000007,0.33334404230000003,0.15410560369
1291,drowning,"Johnstown, NY",Having such a hard time with everything im drowning literally,1,1,0.09864929318,0.08160346746000001,0.12928640842
1292,drowning,,Boy saves autistic brother from drowning: A nine-year-old in Maine dove into a pool to save his autistic broth... http://t.co/pihUIaOR5O,0,0,0.54551494122,0.6305244565,0.5452169179899999
1294,drowning,Doo Doo Boy Island,If you told me you was drowning. I would not lend a hand!,1,1,0.18327793479,0.08211915195,0.08996786922
1295,drowning,"Morioh, Japan",@TinyJecht Those eyes.. desperate like a mouse drowning in a septic tank.,1,1,0.12484642862999999,0.05872293562000001,0.03233432025
1305,drowning,"Pico Rivera, CA",Drowning doesn't sound half bad rn,1,1,0.15315684676,0.12723273039000002,0.13454401492999998
1310,dust%20storm,,recent project (Dust Storm ). :) http://t.co/jmj9izVvzO,0,0,0.80072706938,0.95205640793,0.78492325544
1315,dust%20storm,San Francisco,@whatupdave Headline in 2075 'Dust Storm on Mars Destroys 1% of Money Supply',0,0,0.74436157942,0.79479807615,0.7154708504699999
1323,earthquake,"Bay Area, California",@lizXy_ IMAGINE IF AN EARTHQUAKE HAPPENED,0,0,0.72436153889,0.7023911476100001,0.82001435757
1340,electrocute,Twitter.,drinking pepsi im afraid i might spill some and then my headphones electrocute me.,1,1,0.07324782013999999,0.08368453382999999,0.14288981259000003
1343,electrocute,jds,I broke my charger. Hella trying not to electrocute myself and die rn ????????,1,1,0.05893680453,0.04832554236000001,0.06050404534
1346,electrocute,"Metro, Lampung ~ Balikpapan",#KCA #VoteJKT48ID JoelHeyman: My loose understanding is: @ 750k subs AH will electrocute then eat Michael. Don't want 2 influence anythinÛ_,1,1,0.08731156588,0.03068136796,0.02555033378
1368,emergency,,11000 SEEDS 30 VEGETABLE FRUIT VARIETY GARDEN KIT EMERGENCY SURVIVAL GEAR MRE - Full reaÛ_ http://t.co/VE78djgHa5 http://t.co/ugubwRPQFP,1,1,0.31783139706,0.04143502191,0.025722255930000004
1377,emergency,"Cincinnati, OH",Emergency hop kit? ;) jk https://t.co/MkbQ2YE4Wq,1,1,0.05231258273,0.17522530258000002,0.09425624460000001
1379,emergency%20plan,"Calgary, Canada",Municipal Emergency Plan deactivated! Crisis averted. https://t.co/37L4qUAAVu,0,0,0.8589244484899999,0.88722521067,0.8606282472600001
1387,emergency%20plan,,Do you have an emergency drinking water plan? Download guide in English Spanish French Arabic or Vietnamese. http://t.co/S0ktilisKq,1,1,0.31011220813,0.17364399135000003,0.17247472702999997
1399,emergency%20services,,Human Resources Processes Streamlined Insofar as Emergency Services Organization...AbboG,1,1,0.21709021926,0.269929111,0.34252741932999997
1428,evacuate,HEAVEN,SALHA(1):HARRY STYLES(2)U KNOW WHERE IS UR P_EOPLE#HURRY#EVACUATE THEM FROM#HELL.#JUST SHAHADA&amp;'PICK#ME'.#CLASS_SICK http://t.co/UpdDVr6jva,1,1,0.0888581574,0.11784745008,0.36607471108
1447,evacuated,Everywhere..,Why does the secret bunker used by Cheney during 9/11 look like it was catered when ktchn staff had been evacuated?,1,1,0.4958866238600001,0.33108520508,0.36468818784
1455,evacuation,,You'll neediness so taste up and down ulcerated waggon evacuation cornwall: bNVfDAg,1,1,0.29074534774,0.22896176577,0.454687953
1458,evacuation,Brisbane,Evacuation drill at work. The fire doors wouldn't open so i got to smash the emergency release glass #feelingmanly,1,1,0.37081807852,0.45825716853,0.28676196933000003
1464,explode,"Pea Ridge, WV",@wyattmccab you'd throw a can of Copenhagen wintergreen on the ground that would explode on your enemies and give them mouth cancer,1,1,0.13316354156,0.09343483299000001,0.11746624112
1472,explode,,im sooooooo full my stomach is going to explode,1,1,0.07737880945,0.05666523427,0.04894979671
1481,exploded,Ittihad .f.c,"that exploded &amp; brought about the
beginning of universe matches what's
mentioned in the versethe heaven and Earth
(thus the universe)",1,1,0.08939990401,0.13550660014000002,0.13250134885
1483,exploded,"Detroit, Michigan",I didn't even know pens still exploded like that...ink everywhere,1,1,0.039415538310000005,0.26612085104,0.36092042923
1527,famine,"Brooklyn, New York",So shameful and tragic.. http://t.co/5p1e40qkGV,1,1,0.20493298769,0.14552275836,0.17949058115
1563,fear,"Amos,Quebec,Canada",@Dat_Vi fear of the unknown eh.,1,1,0.25918161869,0.14829042554000002,0.09243659675
1589,fire%20truck,New York,Ltd Toy Stamp &amp; Vintage Tonka TFD No 5 Pressed Steel Pumper Fire Truck - Full read by eBay http://t.co/hTvyEnXCBS http://t.co/xSvPzxYRe3,1,1,0.13076421617999998,0.1120993793,0.12238690257000001
1602,first%20responders,Philippines,We must educate first responders about how to adapt to emergencies involving an #autistic individuals.' | http://t.co/JIeB3lsZqc,0,0,0.58157002926,0.64034169912,0.7496361136399999
1607,first%20responders,,"Good Day Columbia: First Responders Memorial with Sallie ... 
#MEMORIAL_DAY #MEMORIALDAY
http://t.co/qW3uNfV8Kb http://t.co/hgxMBmrDa3",0,0,0.53221857548,0.8567790389100001,0.88545334339
1618,first%20responders,,Allergan Kicks off REFRESH AMERICA Program to Supply First Responders With Free Eye Drops http://t.co/0OjKuLqO5I http://t.co/wkmcPmCtgu,1,1,0.06773090363,0.32310399413,0.26645684242
1625,flames,live from the low end,the fires of hell for Julie #Extant writers....she better go down in flames when this is all over...#Extant,1,1,0.10952702164999999,0.4667546451100001,0.41746929288
1645,flattened,San Diego,Flattened via IDEAS IN FOOD - A cheesecake brownie does not always have the aesthetic we are ... http://t.co/oRSmW5Airj,1,1,0.08234754205,0.0614117682,0.028351435439999996
1650,flood,New York,Spot Flood Combo 53inch 300W Curved Cree LED Work Light Bar 4X4 Offroad Fog Lamp - Full reÛ_ http://t.co/E6BnWxFtkb http://t.co/Ww2uVHRy89,1,1,0.12827134132,0.11192304640999999,0.07672739774000001
1655,flood,New York,2pcs 18W CREE Led Work Light Offroad Lamp Car Truck Boat Mining 4WD FLOOD BEAM - Full reaÛ_ http://t.co/0AIV5KhZjv http://t.co/q6HHZbFxCv,1,1,0.28361189365,0.34672152996,0.25305911899
1660,flood,New York,12' 72W CREE LED Work Light Bar Alloy Spot Flood Combo Diving Offroad 4WD Boat - Full readÛ_ http://t.co/8Mk9TD4RRL http://t.co/W20rH3Ai9J,1,1,0.09689059854,0.06705260277000001,0.03602736443
1663,flood,New York,12' 72W CREE LED Work Light Bar Alloy Spot Flood Combo Diving Offroad 4WD Boat - Full readÛ_ http://t.co/EBJz2MxLr3 http://t.co/jvVD8smJMw,1,1,0.09689059854,0.06705260277000001,0.03602736443
1667,flooding,,Awh damn I just realized yall gone flooding my TL with school shit and Ima be like .. ??,1,1,0.06363859773,0.24023234844,0.47157403827
1671,flooding,"Raleigh, NC","@caseyliss def - and donÛªt even fathom when there is bad weather / flooding ??

#byebyeroad",0,0,0.82837480307,0.83379423618,0.8200070858
1679,floods,Islamabad,"@asgharchohan86 @AdilGhumro 
There are floods in kpk because you guys couldn't build dams in 30 years you ruled.
Even for your own Thar",1,1,0.38849437236999995,0.38504704833000003,0.35563519596999993
1687,floods,"Guayaquil, Ecuador",I'm so dried out in this desert let me know I wanna be with you speaking of floods speaking of truth - Laleh ????????,1,1,0.32899391651,0.32782402635,0.29588082433
1708,forest%20fires,"Kruibeke, BelgiÃÃ",People come and go. Some are cigarette breaks others are forest fires.',0,0,0.54073494673,0.80981695652,0.5970546007199999
1719,hail,Qwuank,Which version of All Hail Shadow you do you like more Magna-Fi's or Crush 40's? ÛÓ Crush 40s. http://t.co/oGs6d0p3RB,1,1,0.02274745703,0.06996162981000001,0.046419452879999996
1726,hail,Ontario CA,i survived what you tried to destroy you're not a man just a boy,1,1,0.18959251046,0.08978821337000001,0.15957945585
1735,hailstorm,"Calgary, Alberta, Canada",Get out of the hailstorm and come down to @TheBrokenCity 2night at 9PM to catch a screening ft. @thebanffcentre! There will be BEER + FOOD!,1,1,0.07840290666000001,0.24608336389000002,0.21282912790999997
1753,harm,"Melbourne, Australia",@Norcinu @TheBodyShopAust @thomaldo tiny plastic beads used in cosmetics (scrubs toothpaste) doing great harm to aquatic ecosystems.,1,1,0.28303781152,0.06345454602999999,0.0390367955
1759,hazard,"Oro Valley, AZ",@mishavelgos @MattBacal8 @ComplexMag this is so accurate I can't even speak haha... Comparing hazard to harden is so true,1,1,0.12681838869999998,0.08721289784,0.08573286235
1762,hazard,,OEM 2001 Volvo XC70 Center Dashboard Hazard Lamps Control Switch w/Vent Panel http://t.co/VXixYcbbtH http://t.co/HSDonZ49hd,1,1,0.05290979147,0.14586476982000002,0.12502250075
1763,hazard,,"@fplhints hazard depay ozil Ritchie .
Should I go with 3 crazy strikers or 4 midfielders ? #fplboss",1,1,0.08704084158,0.20744268596,0.16937300563000002
1777,hazardous,,#diablo #dsp Olap #world pres: http://t.co/LFEtNRXyWt How To Recognize A Hazardous Waste And The Multidimensio http://t.co/PvNvqaXsA7,1,1,0.37603235245,0.46171560883999996,0.28263381124000003
1787,heat%20wave,"Brooklyn, NY","I added some dumb ideas to beat the #summer heat cheaply
http://t.co/jatxpAFvA9 @brokelyn #brokelynati",1,1,0.054596483710000004,0.09313134104000001,0.039683390410000005
1788,heat%20wave,"Chicago, IL",New Post: Diff Durden - Heat Wave - CA - http://t.co/jGjgR4o5K0 Vote On Blog #DHHJ #HipHop #Chicago #NP http://t.co/1W10uKVHoo,1,1,0.13770106435,0.17311877012000002,0.17847618461
1789,heat%20wave,"San Francisco, CA",@CrawliesWithCri @Rob0Sullivan What do they consider 'heat'? When I lived in London they thought a 'heat wave' was like 25C hahaha,0,0,0.54627364874,0.54166311026,0.52165704966
1792,heat%20wave,"Rahway, NJ",It's nice out. Guessing the heat wave is over.,1,1,0.28451111913000005,0.31410992146,0.32770353556
1798,heat%20wave,,@facilitydude shares how to handle the heat and keep your cool http://t.co/ekEd6BulsZ #facilitiesmanagement,1,1,0.06249478459,0.13942146301,0.08903507142999999
1799,heat%20wave,"Milan, Italy",God the past few nights have been awesome but tonight it looks like the heat wave is back ?? can't breathe in my room!,1,1,0.37254786490999997,0.15689268707999998,0.31395754218000005
1800,heat%20wave,,http://t.co/OYMLNLHEca So important to stay hydrated in the midst of this heat waveÛ_ ?? Û_ http://t.co/EXLQxSa0i8 http://t.co/M3TiNl4NUX,1,1,0.22113636136,0.29019835591,0.29713314772
1805,hellfire,,Hellfire is surrounded by desires so be careful and donÛªt let your desires control you! #Afterlife,1,1,0.045551568269999995,0.09223150462000002,0.039184469730000004
1811,hellfire,Azeroth,Come watch @QelricDK bash some face in Hellfire Citadel! http://t.co/juQIuN2mhg,1,1,0.14721488953,0.23933337629,0.07556485385
1814,hijack,Out and about,"APC needs to watch all these PDP defecting to APC 

Patience Jonathan On The Move To Hijack APC In Bayelsa State http://t.co/zzMwIebuci",0,0,0.7274782657600001,0.73194003105,0.79908126593
1819,hijack,Egypt,Biggest security update in history coming up: Google patches Android hijack bug Stagefright http://t.co/LTid39bKBE,1,1,0.44930541515,0.20159414410999998,0.13833552599
1821,hijack,UK & Oversees,Chrysler Jeep wirelessly hacked over internet to hijack steering brakes and transmission face lawsuit - should all consider #ISO27001,1,1,0.21734595299000004,0.28864598274000003,0.45590925217
1826,hijack,??? ???? ??????,Swansea ?plot hijack transfer move for Southampton target Virgil van Dijk? http://t.co/PYL26NFEn8,1,1,0.2886519134,0.4505289793,0.35732221603000003
1839,hijacker,,@JagexSupport can u remove the email of the hijacker pls !! YKJL is my ign. i need to recover but pls block so they dont break bank pin!,1,1,0.35339024663,0.19825488329,0.33332663774
1846,hijacking,"Washington, D.C.",Earnest PletchÛªs cold-blooded killing of Carl Bivens was just one chapter in his strange life http://t.co/dnQn1OWWF9 http://t.co/xNEPq5HBYD,1,1,0.17255717516,0.46051719784999995,0.45183947682
1847,hijacking,,#hot Funtenna: hijacking computers to send data as sound waves [Black Hat 2015] http://t.co/EZ1TpCzJzo #prebreak #best,1,1,0.10501873492999998,0.10869600624000002,0.13776169717
1857,hijacking,,MomentsAtHill everyone hijacking NuNus and timas bikes ????,1,1,0.26727908850000004,0.23991239070999998,0.25548699498000005
1859,hijacking,http://wingssilverwork.com,@ReasonVsFear 'One?' Oh nonononono. This hijacking's been going on forever but I've seen it about a dozen diff places today alone.,1,1,0.43559908866999997,0.27788606286,0.23593053222
1865,hostage,"Rochester, NY",Chris Brown's aunft was 'held hostage in a closet by armed intruders at his LA home while sin http://t.co/i1Fhb8QSZ7 http://t.co/7C5BG48BRJ,0,0,0.5310587883,0.66919529438,0.7028201818500001
1867,hostage,way way way up ??,Ya kisses hold me hostage &amp; I don't wanna stop it. I only wanna give it to you,1,1,0.129350245,0.06215025485,0.11417528242000001
1885,hostages,,How until put out manorial shaped gnocchi near thine hostages to fortune: RBpK,1,1,0.13683250545999998,0.37189492583000006,0.30329227448
1894,hostages,,@Deosl86 That does nit change the fact extracting hostages is pointless,1,1,0.32685163616999996,0.33505281806,0.35446476936
1899,hurricane,,Found out a hurricane is brewing for thursday lol ??????,1,1,0.21936598420000003,0.37246665359,0.35510066151999997
1901,hurricane,melbs 1/2 #rham,"Would you blow me kisses
If I kept my distance?
Would you send a hurricane
As proof of your existence?",1,1,0.03300619125,0.30299395323,0.37826648355
1905,hurricane,MS,Happy birthday bro ?? @Hurricane_Dolce,1,1,0.01921609044,0.030323866749999998,0.01848168299
1924,injuries,Edmonton,@EdmontonEsks SB Adarius Bowman says team leadership and depth have helped through some key injuries https://t.co/hCnmZsfNcI #yeg,1,1,0.30318236351,0.33112260699,0.21305680275
1934,injuries,"Phoenix, AZ",Let's be thankful most of these injuries are minor &amp; it's still camp. Relax a little #birdgang. No one is cursed &amp; no injury bug hit.,1,1,0.22981008886999998,0.27729484439,0.27183228731
1944,injury,,Ankle injury to keep SpursÛª Marjanovic out of Eurobasket http://t.co/UBCggEHqyN #spurs #NBA,1,1,0.28238120675,0.12060186267,0.10393942147
1945,injury,,nflweek1picks: Michael Floyd's hand injury shouldn't devalue his fantasy stock: Michael Floyd's damaged digits won... Û_,1,1,0.12502074242,0.05978314206,0.03357783705
1964,inundated,,@Rossifumibhai @alexeeles all 6 of them?! As you can see from the pic they were clearly inundated. Good try though,1,1,0.42893764377,0.0617713742,0.05341666192
1966,inundated,That London,.@38_degrees Hello. I have been inundated by people Tweeting me about some Unilever thing in India I know nothing about.,1,1,0.026812881230000002,0.28172704577,0.17769661546
1968,inundation,,@womanxking Well you're safe in NY. Avoid inundation zones in the pacific north west though.,0,0,0.6601498127000001,0.9066084027299999,0.87509477139
1971,landslide,Wickford,@R_o_M by a landslide.,1,1,0.19555178285,0.23458899558000001,0.38389164209
1975,landslide,,@kdudakia I get that there has been a massive turn away from Labour but that does not = electoral landslide. Credits tories too much and...,1,1,0.38457599282,0.18160411716,0.13233707845
1978,landslide,"Louisville, KY",Artifacts found in southern Indiana landslide near Horseshoe Casino http://t.co/BdB0NpgPkH http://t.co/jbCC0KShol,0,0,0.8864873647700001,0.9857144951799999,0.92567932606
1983,landslide,,omg it is I can go in dungeons with Landslide Krag now &lt;3,1,1,0.11063215137,0.11474622040999999,0.12599670887
2012,lightning,,Lightning express golf trolleys fix ramify pretty much multitudinal areas on thine disposed: kWXGgt,1,1,0.21929869055999998,0.35399976373,0.22150699794
2025,loud%20bang,Kenya,kiilud: Breaking news! Unconfirmed! I just heard a loud bang nearby. in what appears to be a blast of wind from my neighbour's ass.,1,1,0.22007602453000003,0.41119739413,0.22784419358000002
2032,loud%20bang,,Man Hears a Loud 'Bang' Finds a Newborn Baby in a Dumpster http://t.co/W815ol0mBV via @ijreview,1,1,0.41119986773,0.10949895530999999,0.06118930876
2042,mass%20murder,,RedScareBot: Duck and Cover! RT tanstaafl23: noah_anyname Socialism means mass murder. Houze that for 'correlation'?,1,1,0.18837529421,0.30239364505,0.18778942524999997
2048,mass%20murder,Anonymous,http://t.co/FhI4qBpwFH @FredOlsenCruise Please take the #FaroeIslands off your itinerary until the mass murder of dolphins &amp; whales stops.,0,0,0.58709919453,0.9054763317100001,0.8536022305500001
2056,mass%20murderer,Pedophilia,RT EmekaGift: VPSay NO to President Obama hosting Muhammadu Buhari the #pedophile #terrorist &amp; #mass-murderer,0,0,0.63611894846,0.73793560266,0.7764545083
2059,mass%20murderer,Reaching for the stars,So wait he really not gonna tell his wife that he is a mass murderer now and a cheat #derailed @itv2...I'm done with this film ????,1,1,0.11028823255999999,0.38463488221000003,0.46650806069
2065,mass%20murderer,"Denver, CO",Just now convicted mass murderer James Holmes told the judge he won't use his right to ask jury for mercy in his own words. #TheaterTrial,1,1,0.34494695067000003,0.28146839141999996,0.15545193851
2067,mass%20murderer,Los Angeles via Pittsburgh,@Phoenix_Blue People will create rumors no matter what. The bottom line is giving fifteen minutes of fame to a mass murderer does no good.,1,1,0.4396593570699999,0.31673696637,0.32966721058000004
2079,massacre,"Perth, Scotland",Letter after Glencoe Massacre Scotland ' Who will provide me with meat for my table ? Now that my red haired warrior is gone forever ',1,1,0.36840501428000005,0.21166302264000003,0.09477817267000001
2111,meltdown,"St. Catherine, Jamaica, W.I.",CommoditiesåÊAre Crashing Like It's 2008 All Over Again http://t.co/EM1cN7alGk,1,1,0.27844220399999997,0.31690731645,0.25681662559999996
2112,meltdown,"Pittsburgh, PA",The meltdown I'm currently witnessing makes it seem like a delayed flight is a true anomaly instead of y'know the expected outcome.,0,0,0.5572181940100001,0.63347923756,0.59049654007
2113,meltdown,"Tuksa, OK",@ChelseaVPeretti's bit on @meltdown_show was also gold.,1,1,0.11488327384000001,0.06954975426,0.06274998932999999
2117,meltdown,"West Coast, Canada","Byproduct of #metal price meltdown is a higher #silver price
http://t.co/KBC2Ax8Zl9",1,1,0.4278781414,0.07676815242,0.06740715355
2129,military,,@SocialJerkBlog My husband was in the military and he does that. It ends up in seat shuffling sometimes. ;),1,1,0.16539734602,0.22304081917,0.16851903498
2139,mudslide,United Kingdom,Paul Hollywood 'what happened....looks like a mudslide... It's like chewing on a rubber tyre... It looks a mess...' Oh dear Dorrett! #GBBO,1,1,0.31463289261,0.37162640691,0.24439431727
2146,mudslide,,@melindahaunton mudslide lady is a good shout,1,1,0.14802455902,0.09119261801,0.0847331509
2156,natural%20disaster,,The Return of Planet-X Book by Jaysen Rand Wormwood Natural Disaster Survivors http://t.co/k8cgZiirps http://t.co/d5sXGvp2pI,0,0,0.5813602805100001,0.8742071986200001,0.76652771235
2158,natural%20disaster,,I added a video to a @YouTube playlist http://t.co/Ei5Z52tohR Natural Disaster Survival ep.7 '2079 Bacon Hair...',1,1,0.0923987627,0.15201045573,0.16299597919000003
2179,nuclear%20disaster,VA,@Lacci Yes it's a disaster. To shut down all nuclear power plants would be to reverse ALL the gains from renewables so far.,0,0,0.6020554900199999,0.5563151836399999,0.75060796738
2182,nuclear%20reactor,,"Nuclear-Deal: Indo-Japan pact lies at the heart of two US reactor-based projects - The Indian Express 

Read more... http://t.co/FMxmNNRDFe",0,0,0.50967288017,0.56081652641,0.53274321556
2196,obliterate,"Cape Coral, FL USA",It is insanity to call Climate Change more dangerous than Muslims wanting to obliterate America and Israel. https://t.co/aA6S66huXh,0,0,0.72844266891,0.8675697445899999,0.8492820262899999
2202,obliterate,Seattle,@PauloSergioMDC @TheIranDeal @POTUS Those silly talks trusting a terrorist nation (who hates us) that has vowed to obliterate Israel.,1,1,0.48963293433,0.41655832529,0.43992605805
2211,obliterate,United Kingdom,@Wadeycakes @ThunderCastTV you're right Thunder would obliterate you #HEYOOO,1,1,0.15114089847,0.25526311994,0.19726449250999997
2219,obliterated,"Calgary, Alberta",@dinnerwithjulie because its been obliterated?,1,1,0.26638185978,0.11125522852,0.15449507535
2244,obliteration,U.S.A.,[Chaos dancing in the streets | Why did God order obliteration of ancient Canaanites?] http://t.co/P7DLX1wFmC via @Michael_0000,1,1,0.18844893575,0.25618565083,0.11669188738
2248,obliteration,Virginia (USA),@KDonhoops Sure! Meek Mill accused Drake of not writing his own raps. Drake responds w/ obliteration of Meek's career. #OldFolkExplainStuff,1,1,0.04271349311000001,0.26094952226,0.1564873755
2285,pandemonium,,I'll be at SFA very soon....#Pandemonium http://t.co/LC1cMx1mPb,1,1,0.3000459075,0.15854671597,0.11346087605
2291,panic,Louisiana the real La,"Tried 2 4get
Feelings of death
Invading panic spawns
Can't concentrate
No 1 relates
Stealing all the light
Spreading thin a soul in sections",1,1,0.24075618386,0.23087391257,0.26844215393000004
2308,panicking,"Philadelphia, PA",I deserve a goddamn medal for dealing with this basement flood without panicking,1,1,0.39921987056999997,0.24194833636,0.29825314879000003
2315,panicking,Bedford,@milefromhome ??.. Don't.. I'm panicking..,1,1,0.23724675179000002,0.06863908469999999,0.12934032083
2327,police,Nigeria,Now Trending in Nigeria: Police charge traditional ruler others with informantÛªs murder http://t.co/DQhpm4A5qY,0,0,0.80573803186,0.7501837611200001,0.8287669420199999
2331,quarantine,mumbai,chickmt123: #letsFootball #atk WIRED : Reddit will now quarantine offensive content http://t.co/wvn6GrIyPq (httpÛ_ http://t.co/pgIHchdURJ,1,1,0.11962032318,0.0726647377,0.05726199225
2338,quarantine,San Jose,Reddit Will Now Quarantine Offensive Content &gt;&gt; http://t.co/WcIzstXk4f,1,1,0.10219749808,0.13574686646,0.10653799027000001
2339,quarantine,"New Jersey, USA",Reddit Will Now Quarantine Offensive Content http://t.co/KDc97PrQcc,1,1,0.06883096695,0.13574686646,0.10653799027000001
2342,quarantine,"Johnson County, Kansas",Metal detectors protect public places from guns. Why not mental illness detectors to stop crazy shooters? And quarantine weirdos w/weapons..,1,1,0.36887103319,0.43867480755000005,0.41062328219000005
2356,quarantined,someplace safe,@famoushorse they haven't applied bans consistently. The Jew hating sub is only 'quarantined',1,1,0.27844333649,0.09156445413999999,0.09102994949
2377,rainstorm,"Calgary, Alberta",@WerdEmUp It's already been messed up thanks to an earlier rainstorm. Needs to go in for maintenance anyway.,1,1,0.33429777621999995,0.30739423633,0.32880812883
2379,rainstorm,,rainstorm??,1,1,0.45628917217,0.1698563993,0.41674765944
2380,rainstorm,South East Florida,@SavanahResnik @CBS12 I would hide out at the Coldstone at monterrey and us 1. Great place to wait out a rainstorm.,1,1,0.45508351922,0.09938823432,0.07037331909
2396,refugees,Kansas KS,imagine an entire aisle dedicated to making people look like serbian refugees.' - director of whole foods clothing section,1,1,0.13882541656,0.1816675663,0.15576839447000002
2401,refugees,Hannover,Top story: @ViralSpell: 'Couple spend wedding day feeding 4000 Syrian refugeesÛ_ http://t.co/5lMo710D5f see more http://t.co/G9LREAlToJ,1,1,0.35269853473000007,0.46420758963,0.3162163198
2403,refugees,"Shellharbour, Wollongong",.@PeterDutton_MP Maintaining the integrity of our borders while not maintaining human rights of our refugees. Nice trade off.,1,1,0.33562636375,0.33319365978,0.28980350494
2404,refugees,,Newlyweds feed Syrian refugees at their wedding http://t.co/DGjBuGxH9E #changetheworld #SyrianRefugees,0,0,0.59614121914,0.85248416662,0.5854229927100001
2406,refugees,,Refugees as citizens - The Hindu http://t.co/GJSaAf3U6K,0,0,0.7655121088,0.72003823519,0.67018061876
2410,rescue,,@bcook28 @zacktiller30 bring in the rescue squad ??,1,1,0.3139718771,0.18892829120000001,0.18957859278
2418,rescue,USA,Beauty Deals : http://t.co/eUd317Eptp #4552 Lot of 50Mixed Colors 7.5' Scissors FirstAid Princess Care Rescue TrÛ_ http://t.co/mAHkV79SmW,1,1,0.06779360771000001,0.05889821425,0.11794631183
2428,rescued,Niger State,Three suspects in police net for kidnapping &amp; trafficking a 4month old Baby from Kontagora to Aba# Baby rescued alive.,0,0,0.7930327653899999,0.791449368,0.7136970162399999
2448,rescuers,,Photo: theonion: Rescuers Heroically Help Beached Garbage Back Into OceanåÊ http://t.co/YcSmt7ovoc,0,0,0.64505594969,0.91109842062,0.85542988777
2451,riot,"Portland, OR",@CHold ironically RSL call their stadium the Riot,1,1,0.11645445228,0.36141443253,0.29366210103
2460,riot,San Francisco,@Riot_Sweet @jfwong @MtgoDoc @JoshLeeKwai wait.. what dates?? ill be at MSG and PAX =(,1,1,0.07523363829,0.07686426491000001,0.06004486606000001
2461,riot,,#ModiMinistry Stuart Broad Takes Eight Before Joe Root Runs Riot Against Aussies http://t.co/rc22r1xlIs,1,1,0.16721108556,0.23653157055,0.18398243189
2462,riot,#sundaunited,I'm Role Play of Ulzzang Park Hyung Seok. 92 Liners. Be bleased with me. I'll do the same.,1,1,0.01854002476,0.06462150067000001,0.08706710488
2473,rioting,,Dont use \Allahuakbar\'' and start rioting. Do you guys even listen to yourselves? #SHAME''',1,1,0.39677882195,0.1753205955,0.39761719108000004
2482,rubble,London,Outrage as dog found buried alive in rubble http://t.co/vrNRrpoHm8,0,0,0.82586681843,0.8640718460100001,0.72970104218
2490,rubble,Los Angeles,ChinaÛªs e-commerce firms Alibaba (BABA) Tencent http://t.co/7VcChEIC5g (JD) are still growing revenue at 40% http://t.co/GQgE7weM3W,1,1,0.07244408131,0.27456977963,0.18360817432
2501,rubble,California,China's Stock Market Crash: Are There Gems In The Rubble? http://t.co/eKO50hD5Gz #market,1,1,0.48566907643999996,0.42264780401999996,0.29359996319000004
2558,screaming,Texas,"@LordMinion777 *screaming* i can't go!!!
:(",1,1,0.13374659419,0.07305461913,0.04351591319
2581,seismic,Florida,@kc8ysl Is it wrong to pray for seismic activity along the San Andreas fault? #smh,0,0,0.9142150878899999,0.64772546291,0.7493394613300001
2587,seismic,United Kingdom,Exploration takes seismic shift in Gabon to Somalia ÛÒ WorldOilåÊ(subscription) http://t.co/Hs6OhRFsA9,0,0,0.6371326446500001,0.9675731062899999,0.84385168552
2592,seismic,,On Thursday at 03:27 we updated our #kml of 2D and 3D #seismic exploration vessels. #offshore #oil http://t.co/btdjGWeKqx,0,0,0.5183389186899999,0.78049850464,0.67179501057
2608,sinking,University of Oklahoma,"If you're lost and alone
Or you're sinking like a stone.
Carry on
May your past be the sound
Of your feet upon the ground",1,1,0.038053631780000007,0.21477077901,0.17000634967999997
2613,sinking,Kano,that horrible sinking feeling when youÛªve been at home on your phone for a while and you realise its been on 3G this whole time',1,1,0.09152248502,0.10587269813,0.18049284816
2621,siren,,@Kronykal @B30wu1f2 I see no point in countering skewed statements. Dumb statement is dumb.,1,1,0.06411358714,0.20719140768,0.13826417923
2635,sirens,62,I'm falling to pieces and I won't be whole until you let me in ? Heroine by Sleeping With Sirens ÛÓ https://t.co/tQxLQUKq7z,1,1,0.026465058330000003,0.1501737386,0.25633472204
2636,sirens,,I was walking past the fire house today &amp; as soon as I walk by the doors they get call and flip the sirens on. I've never ran so fast.,1,1,0.31661748886,0.37335509062,0.28820860386
2649,smoke,Roseland,@wizkhalifa smoke ??so much you don't gotta do shit but light?? one of his locks on fire ...that's like a whole tre five right there.,1,1,0.09955242276000001,0.15350359678,0.27546566725
2656,smoke,,I'm not asking no fee to smoke sumn if we ain't smoking out a ounce that's disrespectful,1,1,0.028686493639999994,0.07607149332999999,0.12955346704
2657,smoke,bliss,Send me flying off a cliff straight through the smoke of my spliff,1,1,0.10381826758,0.14154832065,0.14610476792000002
2664,snowstorm,madrid,you're my snowstorm baby ??,1,1,0.021114528179999998,0.35046023130000004,0.29998421668999997
2667,snowstorm,"Massachusetts, USA",@Lily_Bell82 ya...summer is too short. Open toed shoes arent snowstorm friendly.,1,1,0.17394146322999998,0.10280702263000001,0.04151142016
2671,snowstorm,"Mesa, AZ",That organic freestyle with Casey veggies is cold as an ice cream cone in a Iceland snowstorm,1,1,0.08692201972000001,0.28404676914,0.15297351777999998
2673,snowstorm,"Saint John, N.B, Canada",@erincandy Hr/15 mins for me in that place. During a snowstormI was pissed lol We got oil delivered to them on snowmobiles in the end,1,1,0.37484121322999997,0.21530061960000002,0.14625050127999997
2674,snowstorm,"Huntington, WV",A snowstorm is brewing over my desk &amp; hands are NUMB.. @irishirr - I'm guessing you adjusted thermostat? :/ @WSAZ_Brittany @kellyannwx #WSAZ,1,1,0.40808919072,0.33140766621,0.27908679843
2676,snowstorm,Western New York,#LakeEffect #Snowstorm Twill Denim Jackets *** ALL MY PROCEEDS FOR ITEMS WITH THIS DESIGN WILL GO TO HELP THE... http://t.co/QmtDXuYktY,1,1,0.14493328333,0.11438187957,0.16834047437
2683,snowstorm,New England ????,"I feel like the cold homeless orphan gazing into the cozy mansion of the affluent eating a lobster dinner during a snowstorm.

It's fine.",1,1,0.16612002254,0.31742358208,0.32493463159
2691,storm,USA,IGN: A Warcraft 3-inspired mode is likely coming to Heroes of the Storm http://t.co/2qVgImRo0R http://t.co/VTRoCiHSne,1,1,0.06908938289,0.31867900491,0.20168495177999998
2695,storm,North Coast of O-H-I-O,Storm rolling into Hilton Head gonna be fun,1,1,0.4362411499,0.19194968045000002,0.14116175473
2697,storm,,Û÷SexistÛª peer review causes storm online https://t.co/WO2T0K4zXi via @timeshighered,1,1,0.14684703946,0.38708403706999994,0.4585878849
2699,stretcher,Florida,Renewing Your Kitchen Cabinets for $100 http://t.co/lYs6p5BmDL http://t.co/ELfzsRGxRo,1,1,0.01525494456,0.07086728513,0.044330719860000006
2709,stretcher,"Utica , New York (Upstate)",I was there to see @JimmieJohnson wreck in 2000 in person. My first thought was he's leaving on a stretcher!,1,1,0.28793546556999994,0.20637165010000003,0.14685882628
2711,stretcher,?????,Stretcher in 5 min https://t.co/DIWLBiaHvP,1,1,0.40945613384,0.15746237338,0.18207471072999998
2715,stretcher,St.Louis,Throat stretcher http://t.co/vkThHbOQjs,1,1,0.20408806205,0.09019160271,0.07741954923
2776,suicide%20bombing,"philadelphia, pa",@mehdirhasan percentages of young Muslims who believe suicide bombing is justified per pew research: 35% Britain 42% France 29% Spain,0,0,0.92897301912,0.97254014015,0.9684739112899999
2779,suicide%20bombing,"Los Angeles, CA",@61_alvin @Craigyb74 @nomar4eva @Shahasda80 @wherepond @trensabby @parallelpond the wall Israel erected has stopped suicide bombing?,0,0,0.8195945024500001,0.98643153906,0.96598511934
2827,survived,Cardiff,Trapped a bee in my shoe only one of us survived I just ran 0.15 mi @ a 13'46'' pace with Nike+. http://t.co/IbG4ynJsw8 #nikeplus,1,1,0.051341414450000004,0.35774183273000004,0.19014137982999998
2850,terrorism,london,Judges considering fate of children as young as two amid radicalisation fears http://t.co/EgWU4mJV0a,0,0,0.7242292165800001,0.54737257957,0.60472983122
2860,terrorism,,"Truth...
https://t.co/Kix1j4ZyGx
#News
#BBC
#CNN
#Islam
#Truth
#god
#ISIS
#terrorism
#Quran
#Lies http://t.co/pi6Qn7y7ql",0,0,0.7105045318600001,0.7193858027500001,0.67669600248
2868,terrorist,"Lagos, Nigeria.",POLLS: SHOULD THE UNBORN BABIES OF BOKO HARAM TERRORIST BE KILLED IN THEIR MOTHERS WOMB OR SPARED? http://t.co/3skw0DqZ0r,0,0,0.68390965462,0.9880802035299998,0.9248663187
2879,terrorist,"New Delhi, Delhi",#Congi &amp; Indian News Presstitutes must be sympathising on the Terrorist caught alive in Jammu.If they can do for Yakub Sonia must be feeling,0,0,0.9562532901799999,0.7013826370199999,0.77980011702
2885,threat,"San Francisco, CA",A reminder: White Americans are the biggest terror threat in the United States according to new study. http://t.co/BqzhPjOTF5,0,0,0.7277905345,0.55321013927,0.78002744913
2893,thunder,Michigan ?? South Carolina,I don't wake up until another 2 hours &amp;&amp; I get interrupted . ????? I hate thunder .. ??,1,1,0.10982343554000001,0.22354494035,0.33556354046
2899,thunder,,Idk if ithats thunder or people rolling in their trashcans ??????,1,1,0.06236746907000001,0.17867557704,0.12471295148
2919,tornado,,Going to attempt the California fair again tomorrow hopefully we don't die in a tornado ??,0,0,0.66416716576,0.66639590263,0.66509741545
2927,tornado,,A tornado flew around my room before you came...,0,0,0.5117166638399999,0.6123077273399999,0.5807756185499999
2929,tornado,"Gurgaon, Haryana.",#TornadoGiveaway åÊ #thebookclub åÊ Join in!! https://t.co/8qucf6sgOc https://t.co/5U1t8hc4uf,1,1,0.05810180306,0.07595161349,0.06824345142
2930,tornado,,Loving you was like throwing a lasso around a tornado I tried to hold on to.??,1,1,0.12096554040999999,0.35813292861,0.36592087149999997
2946,trapped,,@LauraE303B @SheilaGunnReid A war we'll never win? There r 2500 Yezidi women trapped as slaves.We know where they are. Doing nothing is evil,1,1,0.3959890604,0.15246157348,0.21376122534000003
2947,trapped,,Think of it as a reality TV show I tell myself to quell the panic rising in my throat. Introvert: Trapped in Tokyo. The 150-square-foot,1,1,0.18481063842999998,0.16831974684999998,0.16853487492
2950,trapped,,(#TeambrianMundial) Hollywood Movie About Trapped Miners Released in Chile: 'The 33' Holly... http://t.co/Ama6AVULnA (#TeambrianMundial),1,1,0.25263893604000004,0.29956689477,0.19596511126
2954,trapped,USA,Hollywood Movie About Trapped Miners Released in Chile: 'The 33' Hollywood movie about trapped min... http://t.co/BinNJwobtU #topstories,1,1,0.4707725644100001,0.34110352397,0.34998717904
2957,trapped,Ur BaQ,Hollywood movie about trapped miners released in Chile: SANTIAGO Chile (AP) ÛÓ The Hollywood movie on the 33 m... http://t.co/RAzFkXbhMN,1,1,0.38102835416999997,0.30323123931999996,0.24513393640999998
2973,trauma,,Idk how I'm supposed to have my daughter in gymnastics and cheer at the same time? She refuses to make a choice. Ugh DIVA ??,1,1,0.01331564784,0.054145455360000004,0.03898868337
2985,traumatised,,@TremendousTroye I'm so traumatised,1,1,0.09150981903,0.11310984194,0.12521597743
2992,traumatised,Plymouth,Still traumatised at the sight of an old woman throwing her shit out the window ?????,1,1,0.07589063048,0.27327778934999997,0.13890723884
2999,trouble,Southeast Michigan (HOTH),Pissed something off in the wood pile. Pulling pieces out and I get a small hiss and a series of low clicks for my trouble.,1,1,0.16314345598,0.09638781846000001,0.03771995753
3002,trouble,,RT ADVISORY: Stalled Bus at EDSA Service Road Cubao SB due to mechanical trouble as of 7:53 AM. 1 lane occupied.Û_ https://t.co/HRNZKU66mm,0,0,0.9441003799400001,0.9888198971700001,0.90725427866
3004,trouble,Lansing ?? Ypsilanti,Must black folks don't wanna stir up trouble .. Which in turn causes them to be silent on the injustice in the wrld. https://t.co/a5bKmsasjE,1,1,0.33058315516,0.16439630091,0.08978398144
3027,tsunami,,@TA7LPlays @Twitch_Bang @Maliceqt @Zelse007 @RhyareeGaming @dougiedabandit sorry what you say theres a tweet tsunami happening,0,0,0.7336903810500001,0.77673947811,0.7795401215600001
3036,twister,Flat Rock,when you get stuck on the wicked twister and they have to call maintenance to get you out.. http://t.co/7iFPMFssMU,1,1,0.16153866053,0.15753301978,0.0566617921
3054,upheaval,,Where bottle cherry timbering facilities upheaval entryway?: fJiZzTxK,1,1,0.22051554918000002,0.07767637819,0.09581110626
3074,violent%20storm,Worldwide,"Violent Forces Radio: Now Playing Torture - Storm Alert
TuneIn Player @ http://t.co/XsSgEdSbH4",0,0,0.64277565479,0.8038073182100001,0.7904883027099999
3088,volcano,,idgaf fly into a volcano,1,1,0.14683911204000002,0.24823471904,0.3226840198
3090,volcano,Planet Earth,Learning from the Legacy of a Catastrophic Eruption - The New Yorker http://t.co/y8YqPBE4t9,0,0,0.96615576744,0.80864995718,0.7067744135899999
3095,volcano,"Baker, Louisiana",what's the hottest thing you've ever seen..fire?..the sun?..a volcano? or this? http://t.co/2GLdsHRaiI,0,0,0.68678551912,0.9345626235,0.8202080130600001
3105,war%20zone,In Range,Just trying to find my my peace in a Zone of war,1,1,0.49179944396,0.17629875243,0.10321163386
3123,weapons,Global,Security experts report that the only way to keep Iran 'honest' and stop her march to nuclear weapons is by... http://t.co/DGnbUsfXkw,0,0,0.6155951619100001,0.63634943962,0.77811801434
3124,weapons,,"Aug 3 1915ÛÓKILL 10000 WITH ROCKS.; Italians Make Good Use of Nature's Weapons -- Excel with Bayonet.
http://t.co/ck1mMvHU0T",1,1,0.20291817188,0.25360026956,0.19415384531
3127,weapons,Tokyo,Abe proposed a new plan for abolishing nuclear weapons. Yesterday his defense minister made clear nukes are fine. http://t.co/A6IR8rKuwS,0,0,0.6339740753199999,0.5708888173100001,0.59629255533
3134,whirlwind,GARRUS?,Warcraft has always been this weird referential whirlwind to itself and other things,1,1,0.06654271482999999,0.053480193020000004,0.050965745
3193,wounded,Philippines,"Pope Francis talks about WOUNDED FAMILIES
http://t.co/m1RfBPODI9",0,0,0.5314655304,0.80351823568,0.7669061422300001
3200,wounds,,He was crushed for our iniquities; the punishment that brought us peace was upon him &amp; by his wounds we are healed. -Isa 53:5,1,1,0.18516251445,0.15490029752,0.04001596943
3218,wreck,"San Antonio, TX",Last week we had a blast hosting Dinner &amp; a Movie Night with 'Wreck-It Ralph' on @FtCarsonPAO! @carsonmwr #TBT http://t.co/tUYPxEoBQa,1,1,0.04621315002,0.12092090398,0.07924163342
3242,wrecked,"Plymouth, England",Almost *wrecked* my van the other day because of this guy (yeah I brake &amp; also care for animals ~ get used to it)! https://t.co/8ZaHavmtT6,1,1,0.10654035211000001,0.16922228037999998,0.07322148979
3246,wrecked,Love Reiss,@yakubOObs think he deactivated because his notifications are aids after tesco wrecked him lol,1,1,0.10260036587999999,0.055845197289999995,0.07581941783
3247,wrecked,Seattle Washington,RT CNBC '3 words from Disney CEO Bob Iger wrecked Disney's stock says Jim Cramer: http://t.co/f0texKsqhL http://t.co/ilySLaTMgI',1,1,0.11744058132000001,0.02882019617,0.008186318909999999
