id,keyword,location,text,target,Correct Prediction,RIDGE-2e359f0b,SVC-4c2e484d,LOGISTIC_REGRESSION-8b7db91c,SGD-2e359f0b
0,,,Just happened a terrible car crash,1,1,1,0,1,1
5,,,We're shaking...It's an earthquake,1,1,1,0,0,1
21,ablaze,Washington State,Burning Man Ablaze! by Turban Diva http://t.co/hodWosAmWS via @Etsy,0,0,0,0,0,1
24,ablaze,,SETTING MYSELF ABLAZE http://t.co/6vMe7P5XhC,0,0,0,0,1,0
31,accident,,I hate badging shit in accident,0,0,1,0,0,1
70,airplane%20accident,#BlackLivesMatter,@thugIauren I had myself on airplane mode by accident ??,0,0,1,0,0,1
78,ambulance,born on september 1st,@disneyxrowbrina the ambulance isn't even parked well like its nearly on top of someone's car I'm laughing,0,0,0,0,0,1
83,ambulance,World,2 held with heroin in ambulance http://t.co/d9sOwi1G21 http://t.co/OPxmdPIwAu,1,1,1,0,0,1
87,annihilated,,The bartender at work described a drunk man as annihilated @kdunning1919 @hsnowberger @gabrielasmith29. 16 more days,0,0,1,0,0,1
104,annihilation,,"Allied Plans for the Annihilation of the German People http://t.co/RUHxGlo18q
http://t.co/HbUpkzWdWq
Louis Nizer - Very interesting...",0,0,0,0,0,1
132,apocalypse,,"Apocalypse no! Why artists should not go into the #Fukushima exclusion zone 
http://t.co/3zqL0qbLUw
#nuclear #ura",1,1,0,0,1,0
146,armageddon,,#Turkey invades #Israel - Halfway to #Armageddon http://t.co/xUOh3sJNXF,1,1,1,0,1,1
157,army,,VICTORINOX SWISS ARMY DATE WOMEN'S RUBBER MOP WATCH 241487 http://t.co/q6VCJaTfjx http://t.co/m1cpEw7kbh,1,1,1,0,1,1
158,army,"Bowling Green, Ky",Hope the Salvation Army at least gave you a tax receipt. https://t.co/Ir9c545rZy,0,0,0,0,1,1
163,army,Rexburg ID,"ANSWER:
'Therefore it came to pass that in my sixteenth year I did go forth at the head of an army of the... http://t.co/uuAAsb394n",0,0,0,0,0,1
176,arson,,WEHTWTVWlocal: Trial date set for man charged with arson burglary. https://t.co/eUk7lKS11r,0,0,1,1,0,1
177,arson,"Lawrence, KS",Man charged in connection to Shawnee arson and burglary: OLATHE Kan. ÛÓ A man was in court Wednesday accused ofÛ_ http://t.co/zcXmQoKtZ1,1,1,1,1,0,1
191,arsonist,"Dorset, UK",Hotel arsonist who caused å£70000 damage was Û÷crying for helpÛª: An arsonist has been jailed after a court hear... http://t.co/HNGDdBhewa,1,1,1,0,1,1
204,attack,Indianapolis,TexasÛªs Gratuitously Cruel Attack On A Dying GayåÊMan http://t.co/retdjqyCuB,0,0,1,0,1,1
230,avalanche,,Car Receiving tube Installation for Avalanche Sound Output HHw,0,0,0,0,0,1
249,battle,,#environment Lone Pine trees growing across the country in remembrance of battle at Gallipoli 100 years ago: T... http://t.co/GJCAAnfCYk,1,1,1,1,0,1
261,bioterror,"Washington, D.C., area",Latest fallout from biolab safety lapses: FedEx no longer will transport anthrax &amp; select agent research specimens http://t.co/4iOOyIbxyo,1,1,0,1,0,0
264,bioterror,,Citizens Education Project has acted for years as a watchdog on the Dugway Proving Grounds. http://t.co/NZHXYapLm0,0,0,0,0,0,1
270,bioterrorism,Los Angeles,The largest bioterrorism attack on U.S. soil involved tacos @atlasobscura http://t.co/1n9CRhWmgl,1,1,0,1,0,0
271,bioterrorism,Amsterdam NL or Greenwich USA,Is it time to hedge against catastrophic risks such as climate change asteroid impacts or bioterrorism? https://t.co/HQ6WqsgSJX,1,1,0,1,1,0
273,bioterrorism,,Bioterrorism : Guidelines for Medical and Public Health Management (2002) http://t.co/zkUXHnoBaG http://t.co/FHgkYxffu5,0,0,0,0,1,1
280,bioterrorism,Alaska,Uganda Seen as a Front Line in the Bioterrorism Fight,1,1,1,0,0,1
281,bioterrorism,"Capitol Hill, Washington",Ppl living w/ HIV have been charged with aggravated assault and bioterrorism for things w/ low or no risk of transmission. #HIVIsNotaCrime,1,1,0,0,1,0
291,blaze,"Missoula, MT",@JuneSnowpaw Yeah Gimme dat creamy white stuff ;3,0,0,0,0,0,1
304,blazing,"California, USA",I checked in at Blazing Horse Tattoo on #Yelp http://t.co/z8nXWmYMWA,0,0,1,0,0,1
319,bleeding,Mass.,@Battlehork I wish I could watch but the gif the LU account posted of Mundo bleeding... Jesus! D:,0,0,1,0,0,1
323,bleeding,"Northeast, Ohio",*Ears bleeding from the bass* https://t.co/d5RrrwHjpN,0,0,1,0,0,1
355,blight,"Stamford, CT",Stamford tightens blight law: A dilapitated barn sits half-erect on Hickory Road near the int... http://t.co/QP65iO4AvC #stamford #topix,1,1,1,0,0,1
372,blizzard,,Deck building of my 4 year old daughter http://t.co/INnY1ANTam,0,0,0,0,1,0
374,blizzard,New York,GUNNAR Optiks -Heroes of the Storm Siege Gaming Glasses - Onyx/Fire wow blizzard - Full reÛ_ http://t.co/YEUQp0VKwU http://t.co/OuGM0yxQMo,0,0,0,1,1,0
424,blown%20up,,@MalikChaimaa I hope Zayn gets blown up in a drone attack whilst visiting family in Pakistan ??,0,0,1,0,1,1
476,bomb,"Tinley Park, IL",@joshrogin @slwsew379 @jimsciutto @NatSecCNN As suspected. Kerry and Barry got taken for a ride. Iran was making a bomb while talks went on.,1,1,1,0,0,1
490,bombed,,70 years ago nowish America bombed #Hiroshima. Was it justified? All I can say is #noMOREHiroshimas #VJDay70 #FEPOW http://t.co/SYADSa6QeS,1,1,0,1,1,1
495,bombed,,@davej798 @JohnEJefferson remind me when SomaliaEritrea &amp; Nigeria were bombed by UK 28% of asylum applicants to UK 2014 were from S &amp; E,0,0,1,0,0,1
531,buildings%20burning,Las Baegas,Like how are ppl not burning these buildings down knowing why it was originally created?,1,1,0,1,1,0
537,buildings%20burning,Cin City,@TravDave @Kornbread_ICU especially where it happened. Really nothing to tear up. Burning the buildings saves the city money for real,0,0,1,0,1,1
540,buildings%20burning,US of Eh,.@denisleary Not sure how these folks rush into burning buildings but I'm grateful they do. #TrueHeroes,1,1,0,1,1,0
543,buildings%20on%20fire,IG: 94fijiwater,I'm security so they want me to help out in case of emergency like the buildings on fire or a shooter's in the building. I'm leaving tho..,1,1,0,1,1,0
545,buildings%20on%20fire,Wherever the music takes me,fucking apartments across the street are on fire right now. 5 fuckin firetrucks wtf. this is the second time those buildings caught on fire,1,1,0,1,1,1
549,buildings%20on%20fire,"ÃÃT: 41.373061,-71.942237",@gilsimmons lightening struck &amp; 2 units in 1 of our buildings in our development on fire. Groton CT. Check out my FB wall most recent post,1,1,0,1,0,0
562,burned,Poyth WesssterrrnnOystrayahhh,@IrSolichin @9Tawan99 @178kakapo @POTUS The last 2 of 68 cities where everyone was burned to death. Terrorism on the grandest of scales,1,1,0,0,0,1
575,burning,mumbai,hermancranston: WIRED : All these fires are burning through firefighters' budgets http://t.co/FSGAnfRgjH http://t.co/ju9zzu9TiOÛ_ Û_,1,1,0,1,1,0
580,burning,,WoW Legion ÛÒ Slouching Towards The Broken Isles: Warlords of Draenor wasnÛªt close enough to The Burning Crusad... http://t.co/RKpmoMQMUi,1,1,1,0,0,1
587,burning,London,The Arab autocracies: Burning down their house http://t.co/xcjRamGQ22 via @TheEconomist,1,1,1,0,0,1
593,burning%20buildings,"Epic City, BB.","Burning Buildings.

Keep The Flames Lit. ??????",1,1,1,0,1,1
596,burning%20buildings,SW London (RBK),@mrjamesob U're not getting rid me until every last drop of life has gone... I crawl into burning buildings because all Life matters. Jakey,0,0,0,0,1,0
600,burning%20buildings,US of Eh,.@denisleary Not sure how these folks rush into burning buildings but I'm grateful they do. #TrueHeroes,1,1,0,1,1,0
604,bush%20fires,The Internet & NYC,When you attack PP you attack women's health &amp; when you attack women's health you attack America's health.' http://t.co/HXdG24MCQg,1,1,0,1,1,0
613,bush%20fires,London,If you like goats and dislike bush fires then this is probably the video for you http://t.co/93VacQM4b1,0,0,0,1,1,0
616,bush%20fires,;),All these Eugene fires gotta make you think.... Hashtag conspiracies hashtag population control hashtag bush did it,1,1,0,0,1,0
625,casualties,,@Josh_Daniel_ @mikegiarrusso @FoxNews so do you think a bunch of untrained people firing back isn't going to cause more casualties,1,1,0,0,1,0
626,casualties,"Arizona, USA","Obama 'lambasted 4 not being respected &amp; 4 being a jokeÛ
Would #Trump prefer more civilian casualties?
http://t.co/gxQMDMzA1u
#GOP
#maddow",0,0,0,0,1,0
630,casualties,,@DonteStallworth @SteveSGoddard if you look at the casualties on Iwo Jima and Okinawa and the numbers dead on both sides you'll see it.,1,1,0,0,1,0
632,casualty,Canada | #LUX,@Rx_Casualty @Vpzedd @Daintt_M call,0,0,1,0,0,1
639,casualty,"Cambridge, MA",Documenting climate change's first major casualty http://t.co/5QMvEwDgiS via @GreenHarvard http://t.co/NmtWI59MU4,1,1,1,0,1,1
641,casualty,,charlie from casualty at the ashes https://t.co/jDlYmGuHwW,0,0,1,0,0,1
645,casualty,,"?please read casualty fans?
Let us know &amp; help spread the word by retweeting! DM me or @ScriptetteSar for more info?? http://t.co/HDrBTJRoHb",0,0,0,0,0,1
646,casualty,"Houston, TX",business casualty,0,0,1,0,0,1
647,casualty,jonas/lovato/bieber/5sos,@datshemmings_ moi c'est plutot disconnected the only reason close as strangers heartbreak girl rejects social casualty ... ufhguhfidt,0,0,1,0,0,1
654,catastrophe,London UK,Gaza 2014 - The Summer of Catastrophe https://t.co/gm3YI1D1dV #gaza #palestine #israel #BDS,0,0,0,0,0,1
656,catastrophe,"Manhattan, NY",@twlldun @peterjukes It's a very good piece. And I agree the failure of post-war planning was the catastrophe.,0,0,0,0,0,1
674,catastrophic,Leanbox?,@_LalaDeviluke - consequences could have been catastrophic. I was also informed by the security A.I *Mute that you were primarily -,1,1,1,0,0,1
676,catastrophic,"Mechanicsville, VA",Want to sell my boat of a car for a truck,0,0,0,0,0,1
686,chemical%20emergency,Manchester,Emergency services called to Bacup after 'strong' chemical smells http://t.co/4GaJhSPfwl,1,1,1,0,1,1
687,chemical%20emergency,UK,Rossendale: Emergency services called to Bacup after 'strong' chemical smells http://t.co/hUDTl2HdSV #rossendale,1,1,1,0,1,1
690,chemical%20emergency,,@bendwavy emergency chemical rinse,1,1,0,0,0,1
691,chemical%20emergency,,Emergency services called to Bacup after 'strong' chemical smells http://t.co/hJJ7EFTJ7O,1,1,1,0,1,1
701,cliff%20fall,,My boy @Fall_off_Cliff still got it man rumor has it he going back to DE ??,0,0,0,0,1,0
702,cliff%20fall,,"Video: Man rescued after 80ft cliff fall at Shaldon
Read more: http://t.co/efQCLTEVlr http://t.co/4gQy7ziMfC",1,1,1,0,0,1
708,collapse,"Memphis, TN",Interview on The Collapse of Materialism Best #TalkRadio Listen Live: http://t.co/ncMBnRsk5Q,0,0,1,0,1,1
710,collapse,,http://t.co/dOg9bw1eCW Correction: Tent Collapse story #HNLnow,1,1,1,0,1,1
711,collapse,Narbin city,Correction: Tent Collapse Story http://t.co/CMbNMvVDKl,1,1,1,0,1,1
713,collapse,Los Angeles,Interview on The Collapse of Materialism Best #TalkRadio Listen Live: http://t.co/Qn8vTXZJzB,0,0,1,0,1,1
715,collapse,burger king with usher,@fouseyTUBE @zaynmalik I would collapse,0,0,1,0,0,1
720,collapse,Earth,.@ArneJungjohann #Energiewende is directly responsible for the collapse in energy value. http://t.co/NxvjPj610W,1,1,1,0,0,1
724,collapsed,"Cramerton, NC",That @PPact hasn't already collapsed is a testament to @TheDemocrats lockstep devotion to politics over reality.,0,0,1,0,0,1
730,collapsed,,I collapsed in the bathroom bcuz of Michael.,0,0,1,0,0,1
735,collapsed,,@JessicaLauraxo grandma collapsed and died,1,1,0,0,0,1
736,collapsed,Hong Kong,3-pronged inquiry launched into collapsed #HongKong furniture retailer DSC http://t.co/Tg3ukIsgEN @scmp_news http://t.co/An5LpimNfA,1,1,1,0,0,1
737,collapsed,Tampa Bay,Official: Crowd in tent that collapsed was told to stay put: LANCASTER N.H. - Circus workers first told spectatorsÛ_ http://t.co/yRQgASn0JG,1,1,1,0,0,1
738,collapsed,sending rude things to heather,@jemmaswans i needed such a breather today oh my god i went on lunch and collapsed like a sack of bones in my car,0,0,1,0,1,1
750,collide,Canada,"When transgender Sam takes runaway Lizzie in two very different worlds collide as they explore unjust boundaries and trust.
Sam(uel)
#books",1,1,1,0,0,1
761,collided,,#maritime The sand carrier Shinto Maru and chemical tanker Hoshin Maru collided on 7 nautical miles off Honshu... http://t.co/2bnfoAGpzD,1,1,1,0,0,1
763,collided,,@AlyssaSpencer28 remember when beau and i collided on the slip and slide and I died ??????,0,0,0,0,0,1
770,collision,,that collision daaamn,1,1,1,0,0,1
777,crash,,Our little angel': Banjo Pilon 10 dies after skateboarding crash at Wamberal: At the weekend 10-year-old B... http://t.co/5bcOQB6Cff,1,1,1,0,1,1
780,crash,PPCC,Crash,0,0,1,0,0,1
784,crash,,Thieves crash dealership gate steal four vehicles in Killeen http://t.co/aA47AXC6sr http://t.co/fz5axahPVr,1,1,1,0,1,1
786,crash,Vancouver,#portmoody Clarke Rd hill n/b blocked by crash past Seaview traffic back to Kemsley. Take Como Lake to Gatensbury to get around it.,1,1,1,0,1,1
788,crash,,Learn cPanel in 2015. Join cPanel Crash Course only $20 http://t.co/TltY2Mumco,0,0,1,0,0,1
789,crash,Los Angeles,.@Emily_Noel95 @SterlingKnight @joeylawrence @ABCFmelissajoey that car crash was pretty fun to film #melissaandjoeychat,0,0,1,0,0,1
814,crush,USA,Crush cars with wrestling stars in MMX Racing Featuring WWE - AppAdviceÛ_ http://t.co/5XvP1IfPmy #designgeeks,0,0,1,0,0,1
827,crushed,Bangalore,RT #Target Best price on #Avril Crushed Sheer #CurtainPanel #Curtains #Decor #Blinds #Shades : http://t.co/TBhbuX6dc0,0,0,0,0,0,1
853,cyclone,"Miami, FL",Happy to report all is quite in the TROPICS. Cyclone Development not expected at this time @CBSMiami @MiamiHerald http://t.co/vI5oVsaHqL,0,0,1,0,0,1
854,cyclone,United Kingdom,Here comes the next Episode #Scorpion #Cyclone @ScorpionCBS,0,0,1,0,0,1
858,cyclone,NYC,@orochinagicom GIGATECH CYCLONE,0,0,1,0,0,1
860,cyclone,"Brooklyn, NY",First time for everything! @ Coney Island Cyclone https://t.co/SdNT3Dhs3W,1,1,1,0,0,1
861,cyclone,Sittwe,@Aliyeskii @wquddin @tunkhin80 @MaungKyawNu @drkhubybe @nslwin @ibrahimdubashi @mdskar @zarnikyaw @kyawthu043 After cyclone,1,1,1,0,0,1
864,cyclone,,Is that a hurricane or a typhoon? No matter which one it's also a cyclone. http://t.co/c5kJAtjgzn,1,1,0,1,1,1
865,cyclone,United Kingdom,Waige driving like a Badass #ScorpionPilot #Cyclone @ScorpionCBS,1,1,1,0,0,1
869,cyclone,"Mansfield, Ohio","#LocalEventCountdown:
8. Curtain opens on The Black Cyclone in Shelby tickets &amp; info: http://t.co/v7dCz5DJDj #rstoday",0,0,1,0,1,1
873,damage,Downtown New York,#LMÛªs @frauncestavern named one of the historic properties granted $$ by @NYGovCuomo to repair #Sandy damage http://t.co/OcAdC8vFyF,1,1,1,0,0,1
879,damage,Buzz City,@VZWSupport Zero damage just a horrible product,0,0,0,0,1,0
896,dead,"South Carolina, USA",dead https://t.co/ESsxzdTcQJ,1,1,1,0,1,1
920,death,,This wall is going to be the death of me...due to the years of water leaks and lack of maintenanceÛ_ https://t.co/PVd2fYBa0q,0,0,0,1,1,0
925,death,"Manchester,England",#Spirituality - Born Again-Spiritual Awakening And Near Death Experiences http://t.co/Z0UGKqi6kM @Charlesfrize @Frizemedia @Dynamicfrize,0,0,1,0,1,1
931,deaths,"Kampala, Uganda",Bigamist and his 'first' wife are charged in the deaths of his 'second' pregnant wife her child 8 her motherÛ_ http://t.co/t5HwUnjK7g,1,1,0,1,0,0
933,deaths,"Prague, CZ, the Planet of Fans",@1outside in the series the deaths seemed one right after another but in the book it seems a month or more will pass after the death of Liz,0,0,1,0,0,1
935,deaths,UAE,@mohammedzismail because there was more deaths by regular gunsmissilesbombs and what not warfare than the A-bombs used in A war.,1,1,1,0,1,1
938,deaths,"Elko, Nevada",MSHA stepping up enforcement after mining deaths: http://t.co/4HM34lrUER via @elkodaily,1,1,1,0,0,1
940,debris,Seattle,Is a wing part enough to solve the MH370 mystery?: http://t.co/ys2bveKlxK,1,1,0,0,0,1
960,deluge,Republic of Harper,A decade-long billion-dollar deluge of 'messages' from the government of Canada. #HarpersLegacy,0,0,1,0,0,1
984,demolish,"Nr Great Missenden, Bucks",Barton-Le-Clay house owner told to demolish extension - BBC News http://t.co/inxvExrsyV,0,0,1,0,0,1
1008,demolished,"Paterson, New Jersey",@Ramdog1980 Israeli soldiers demolished a residential shed and a barn. Soldiers also demolished a shed in Beit Kahel northwest of Hebron.,1,1,1,0,0,1
1015,demolished,Melbourne VIC Australia,Before &amp; After #underconstruction #demolished #Melbourne #Residential #commercial #builder #luxuryhomes #townhouses ?? http://t.co/6iD7CZvMEd,0,0,1,0,0,1
1024,demolition,"San Diego, CA",De-watering demolition defends against flooding http://t.co/dTO0ULjxn3,1,1,1,0,1,1
1025,demolition,,"#Muslim cemetery demolition infuriates cultural groups in #Israel 

http://t.co/vpLZKUidz2",1,1,1,0,1,1
1028,demolition,,General News Û¢åÊ'Demolition of houses on waterways begins at Achimota Mile 7 ' via @233liveOnline. Full story at http://t.co/iO7kUUg1uq,1,1,1,0,1,1
1048,derail,"Accrington, Lancashire",BCC: Premature interest rates increases could derail the recovery: Commentating on todayÛªs interest rate decis... http://t.co/aftpebIkbO,1,1,0,0,0,1
1050,derail,Washington DC,Do people even ride Metro any more? http://t.co/Nb8yzecI6i #whywebike #bikecommute #DysfunctionalRedLine #WMATA,0,0,1,0,1,1
1053,derailed,Las Vegas,.@janeannmorrison: A former Assembly candidate is still waiting for answers http://t.co/Mm5z32vKPC,0,0,1,0,0,1
1059,derailed,"st. louis, missouri",We may be derailed right now but we are going to keep holding on to remain on track' -@kristnmalea #DerailingDistractions,0,0,0,0,1,0
1063,derailed,"/ Kattappana, Kerala",@WSJ: How a rare lizard derailed Adani GroupÛªs plan to build a huge coal mine in Australia http://t.co/dkNPK6FbE4 http://t.co/BiVShY4q1b',0,0,1,0,0,1
1086,desolate,Outreach Africa,And the 10 horns which u saw on the beast these will hate the harlet make her desolate and naked eat her flesh and burn her with fire,1,1,0,1,0,0
1087,desolate,Macclesfield,@WilliamTCooper TY for the follow Go To http://t.co/l9MB2j5pXg BRUTALLY ABUSED+DESOLATE&amp;LOST + HER LOVELY MUM DIES..Is it Murder? Pls RT,1,1,0,1,1,0
1125,destroyed,,Soo..he'll be do a bit of repentance for the children's lives they've destroyed and continue to abuse and for... http://t.co/En3hKXQdD9,1,1,0,0,1,0
1129,destroyed,"Cape Town, South Africa",Remember #Hiroshima destroyed by #Nuclear bomb..an occurrence should never ever happen again yet highly likely recur http://t.co/mB3MJevBb0,1,1,0,1,1,1
1146,destruction,,The day of death destruction chaos; 60000 to 80000 people were killed instantly. Please take sometime to remember and think about others,1,1,1,0,0,1
1165,detonate,Boulder via DC,First Stearns grenade thought to be WWII-era. This one apparently newer. Bomb squad plans to detonate around 8 p.m. http://t.co/qppTQ6oTat,0,0,0,0,1,0
1175,detonation,,Ignition Knock (Detonation) Sensor-Senso fits 90-96 Subaru Legacy 2.2L-H4 http://t.co/pcCksm1tVM http://t.co/yWzngj7uow,1,1,0,0,1,0
1203,devastation,"Memphis, TN",MPD director Armstrong: when this first happened I cannot begin to tell you the devastation I felt.,0,0,0,0,0,1
1208,devastation,United States,ÛÏEven in the midst of devastation something within us always points the way to freedom.Û,1,1,1,0,0,1
1210,devastation,Polska,Devastation Walkthrough Part 11: http://t.co/BOjDByB9YA przez @YouTube,1,1,0,0,0,1
1211,devastation,"Fort Worth, TX",we hid the devastation of what atom caused by not making it mandatory for film of its human suffering be shown &amp; preserved.,1,1,1,0,0,1
1213,devastation,"Greer, SC",@nikkihaley Profile in Ambition. Legacy of cultural devastation for attempt at a white house gig. @Reince @gop http://t.co/5cCrnwirFn,0,0,1,0,0,1
1221,disaster,,Reade this and see how are politicians are leading us to disaster all for the #GreedyRich https://t.co/2bFliBD2sh,0,0,0,1,1,0
1223,disaster,London,#MicrosoftÛªs #Nokia acquisition was an even bigger #disaster than we ever imagined http://t.co/CV0mrisFt3,0,0,0,1,0,0
1226,disaster,,WHAT A DISASTER FOR SECRET #TI5,0,0,1,0,0,1
1228,disaster,,Deepwater drill company gains $735m: Transocean one of the companies associated with BP's Deepwater Horizon oil well disaster recoversÛ_,0,0,1,1,0,1
1229,disaster,Jamaica,MicrosoftÛªs Nokia acquisition was an even bigger disaster than we ever imagined https://t.co/4MneTInGXl,0,0,0,1,1,0
1235,displaced,"San Francisco, CA",Next up: a charity program for disadvantaged people displaced by the tech boom in SF based on Tinder technology. https://t.co/yNVz1WrgtN,0,0,1,0,0,1
1239,displaced,"Indianapolis, IN",Job event targets displaced Double 8 employees http://t.co/2SJaaDRYdc http://t.co/RovTa5EUQO,0,0,0,0,0,1
1242,displaced,,Displaced,0,0,1,0,0,1
1248,drought,"Cary, North Carolina",The Best Drought-Tolerant Perennials http://t.co/AdZONC7Olv http://t.co/ih9iTMhFjZ,0,0,0,1,1,0
1251,drought,Windsor ??CT,I thought it was a drought,0,0,1,0,1,1
1253,drought,"Tyler, TX",New drought monitor showing drought spreads in ETX. 'Severe Drought' in Marion/Harrison Counties. @KLTV7 http://t.co/v8eG2kSLoH,1,1,1,1,0,1
1254,drought,,Thought it was a drought!,1,1,1,0,1,1
1260,drought,"Rock Hill , SC",I swear theres a bud drought,0,0,1,0,0,1
1290,drowned,Ex Astris Scientia. TSSADID.,@BenWunsch I ALMOST DROWNED AT SEA,1,1,0,0,0,1
1323,earthquake,"Bay Area, California",@lizXy_ IMAGINE IF AN EARTHQUAKE HAPPENED,0,0,1,0,1,1
1364,electrocuted,Nap town,I hope I get electrocuted today at work,0,0,0,0,0,1
1370,emergency,Isle of Patmos,No matter the dilemma emergency nor set-back; The Righteousness of JAH shall prevail! http://t.co/n0tIy7SU1C,0,0,0,0,1,0
1372,emergency,New York,Survival Kit Whistle Fire Starter Wire Saw Cree Torch Emergency Blanket S knife - Full reÛ_ http://t.co/8pFMSYPg5B http://t.co/nETYdvtLnb,0,0,0,1,1,0
1373,emergency,"Modesto, CA",RN / Registered Nurse / ER / Emergency Room - Supplemental Health Care: (#Modesto California ) http://t.co/YiYspjLKZO #Nursing #Job #Jobs,0,0,0,0,0,1
1374,emergency,Ton's ÃÂ¡ead town Ã¥Ã Tx,Job now are only in case of emergency.,0,0,1,0,0,1
1383,emergency%20plan,"Paonia, Colorado",@go2MarkFranco I spoke w Caleen Sisk. If #ShastaDam gets funded through Cali Emergency Drought Act I plan on doing story wfocus on Winnemem,1,1,1,0,1,1
1386,emergency%20plan,the Great White North,@660NEWS @cityofcalgary I picture Nenshi &amp; Jeff as the Wonder Twins. 'Municipal Emergency Plan -Activate!',0,0,0,0,0,1
1394,emergency%20services,Singapore,Call for Tasmania's emergency services to be trained in horse rescues http://t.co/q9OXqfdGwX #abcnews,0,0,1,0,1,1
1397,emergency%20services,UK.,Call for Tasmania's emergency services to be trained in horse rescues http://t.co/zVQwLpScSC,1,1,1,0,1,1
1398,emergency%20services,Sunny South Africa,@GeneFMyburgh @crimeairnetwork and in a week they will protest service delivery and lack of emergency services #ThisIsAfrica,0,0,0,0,0,1
1399,emergency%20services,,Human Resources Processes Streamlined Insofar as Emergency Services Organization...AbboG,1,1,1,0,0,1
1401,emergency%20services,"Lansing, MI USA","A mended finger
When a finger is cut there is an immediate reaction from the bodyÛªs emergency services occurs:
Û¢... http://t.co/UwmPRV0UD5",0,0,1,0,0,1
1403,emergency%20services,Australia,Emergency Plumber Emergency Plumbing Services. #plumber #localplumber #Australia https://t.co/V3LZWkqSO7,0,0,0,0,0,1
1410,emergency%20services,"Bodmin, Cornwall",@bodminmoor1 experienced the expertise of some of Cornwalls finest emergency and rescue services!,1,1,1,0,0,1
1427,evacuate,AZ ? TX ? CA ? IL ?,@crown_769 I'd rather have an ass in fire. At least I'd know whatever I eat will evacuate. Heartburn sticks around.,0,0,1,0,1,1
1429,evacuate,Kurdistan,ISIS are deploying their troops to other battle grounds since deal with Turkey to evacuate buffer zone areas hence moving fronts to Assad.,1,1,1,0,1,1
1432,evacuate,San Diego,my father fucking died when the north tower collapsed ON HIM as he was trying to evacuate more people from the building.,1,1,1,0,1,1
1434,evacuate,,Just had to evacuate the 100 Oaks Regal theater. I've never been more terrified.,1,1,1,0,0,1
1436,evacuated,"Arizona, USA",@misschaela_ not yet. Everywhere else except us and like a few other shops like Panda are evacuated but they haven't come for us yet.,1,1,1,0,1,1
1450,evacuation,,Pelling hotels: no strings concealment from straight a rejuvenati???ng evacuation day: pqhaxp,0,0,1,0,0,1
1451,evacuation,,my school is so fucking dumb they just set off the evacuation sirens on accident,0,0,0,1,1,0
1452,evacuation,,How an anatomic mother helps up-to-the-minute remodeling high evacuation hospital: IaAvRoIV,1,1,1,0,0,1
1453,evacuation,Nigeria,FAAN orders evacuation of abandoned aircraft at MMA http://t.co/5RXI47gCAj #NEWS @TodayNGR,1,1,1,1,0,1
1456,evacuation,"West Palm Beach, FL",Do you know your hurricane evacuation route? Find it here: http://t.co/mWMVIcdW9O,1,1,0,1,1,0
1461,evacuation,,@CALFIRE_PIO Being prepared is crucial but returning to homes after evacuation only to find them robbed is criminal! #WillowFire,1,1,1,0,0,1
1477,exploded,"Alexander, Iowa",#Aphid population in #NorthIowa has exploded in last 4 days! http://t.co/cw6jxYVbNj #FromTheField,1,1,1,0,0,1
1484,exploded,,#news #science London warship exploded in 1665 because sailors were recycling artillery cartridges: A dive to ... http://t.co/r4WGXrA59M,1,1,1,0,0,1
1492,exploded,?????,Fun. Hobby Lobby exploded in this home. http://t.co/TT5L40sjaI,0,0,1,0,0,1
1493,explosion,,Hp lto-5 lump together warehouse information explosion is more than one divestment able: PMngiqy,1,1,1,0,0,1
1497,explosion,LOST Angeles lol,This whole podcast explosion thing has been weird. Just replied to a YouTube comment for the first time in... Ever. What is happening?!,0,0,0,0,0,1
1503,explosion,,RASaudAuthor: #Pyrotechnic #Artwork by #CaiGuoQiang Explodes into a Blossom on the Steps of the #PhiladelphiaMuseuÛ_ http://t.co/pJE607uXlp,0,0,1,0,1,1
1504,eyewitness,Washington DC,Hero of capitalism: Sprint employee promotes Sprint while Fox News interviews him as a shooting eyewitness: https://t.co/DtRPhCTmJx,1,1,1,0,0,1
1524,famine,"Washington, DC",Ukraine famine memorial in progress since 2006 goes up in Washington: http://t.co/Td7VIEoODi,1,1,1,0,1,1
1566,fear,Windsor ON Canada,"...@jeremycorbyn must be willing to fight and 2 call a spade a spade. Other wise very savvy piece by @OwenJones84 
http://t.co/fabsyxQlQI",0,0,1,0,1,1
1573,fire,,HOLY FUCK SOMEONE SET ME ON FIRE https://t.co/GXnvqCGjQ2,0,0,0,1,1,0
1577,fire,New York,AMAZON KINDLE FIRE 7' FAST REPAIR SERVICE FOR POWER JACK USB CHARGING PORT - Full read by Û_ http://t.co/2WHegYGS3k http://t.co/5b0BH8vPM6,0,0,0,1,0,0
1578,fire,OUTERSPACE,I just got electrocuted by my #HP Chromebook charger it sparked and caught fire #HP http://t.co/UBywQHoaWr,0,0,0,1,1,0
1580,fire,San Antonio,I just watched Halt and Catch Fire 2x10 'Heaven is a Place' https://t.co/jcPxOrV3AU #trakt,0,0,0,1,1,0
1581,fire,salem ma,@_NickSimboli_ u know what I'd say she's the equivalent of strawberries in this case I would say she's fire ????,0,0,0,1,1,1
1587,fire%20truck,"Lampe, MO",What a night! Kampers go on vacation to end our Dream Job party where fire truck sprays the pool with a hose! http://t.co/if0BiyubC4,1,1,0,1,0,0
1593,fire%20truck,"Fredericksburg, VA",Last night was a ball! Atop a 40 ft. fire truck latter!#NNO2015 http://t.co/0KTxo7HLne,0,0,0,1,0,1
1599,fire%20truck,,Langhorne-Middletown Fire Co. welcomes new truck ... http://t.co/KrpJo9zMSx,0,0,0,1,0,0
1601,fire%20truck,"Augusta, GA",Photo: xshanemichaelsx: instaxbooty: ?? @johnnyxphixxle ?? (via TumbleOn) Is that a fire truck ? I need to... http://t.co/WZ809L8zP5,0,0,0,1,0,0
1602,first%20responders,Philippines,We must educate first responders about how to adapt to emergencies involving an #autistic individuals.' | http://t.co/JIeB3lsZqc,0,0,1,0,1,1
1603,first%20responders,"Indianapolis, Indiana",Central Indiana first responders are providing feedback at the third and final #FirstNet focus group today.... http://t.co/pehH7wHZ0g,1,1,1,0,1,1
1610,first%20responders,Serving Oklahoma,Volunteers served first responders today during a tanker fire in Eufaula. Provided cold drinks and food. #okwx #tankerfire,1,1,1,0,1,1
1611,first%20responders,"Jacksonville, FL",Attention Service Members Veterans Educators First Responders in Jacksonville FL http://t.co/4UrtBEAcE5,0,0,1,0,0,1
1613,first%20responders,,@pnppro1 Warm Up exercise of the trainees on Basic First Responders Training Course. http://t.co/vdbj2o0IYX,1,1,1,0,0,1
1616,first%20responders,,Pray for our Nation &amp; her troops that defend in her. May he continue his watch over those watch over us our first responders.,0,0,1,0,0,1
1619,first%20responders,"Tennessee, USA",Please pray for employees residents and first responders. #myhometown #livesmatter https://t.co/tdeS8MEAR2,0,0,1,0,1,1
1631,flames,"Fargo, ND",You were just waiting for us to go down in flames,0,0,0,0,0,1
1652,flood,,If you decide to get rid of #flood damaged #furniture solid waste will pick it up for a fee. You can call #Tampa Solid Waste at 813-274-8811,1,1,0,0,1,0
1665,flooding,"yakima, wa",@Schwarzenegger @FoxNews you won't because Dems are focused on flooding our borders with illegal immigrants to add to their voters. #EndofUS,0,0,0,0,0,1
1668,flooding,New York City,#NYCHA says the pipe that burst and flooded apartments in a senior center is being repaired. http://t.co/eCyui3290H http://t.co/6S6sYUYypL,1,1,1,0,1,1
1677,floods,Miami - Support NAVY #SEALS,OFA outfit floods net w paid OFA trolls &amp;automated netbots that spam any story that is not complimentary of the One http://t.co/hNlSDLhmB9,0,0,0,1,1,0
1679,floods,Islamabad,"@asgharchohan86 @AdilGhumro 
There are floods in kpk because you guys couldn't build dams in 30 years you ruled.
Even for your own Thar",1,1,1,0,0,1
1681,floods,Colorado,"If I wouldn't have lost all my guns in #Colorado floods I would say I could completely understand
#copolitics #2A https://t.co/37rHlsobbn",1,1,0,1,1,0
1682,floods,Montana Misery,all cats are in....time for the floods.......,0,0,1,0,0,1
1735,hailstorm,"Calgary, Alberta, Canada",Get out of the hailstorm and come down to @TheBrokenCity 2night at 9PM to catch a screening ft. @thebanffcentre! There will be BEER + FOOD!,1,1,0,0,1,0
1740,hailstorm,"Calgary, Alberta",here is goes again #abstorm #hailstorm #yychail stay safe everyone!,1,1,1,0,1,1
1742,hailstorm,Golden British Columbia Canada,Good olde fashioned prairie #hailstorm #calgaryweather https://t.co/hI1yOQFlfm,1,1,1,0,1,1
1754,harm,Los Angeles,Politicians are using false allegations to attack #PlannedParenthood &amp; harm women. We aren't fooled we #StandwithPP http://t.co/bIE5pfR2Ac,1,1,0,1,0,0
1755,harm,"HamptonRoads, Virginia",Father we come 2u &amp; lift up this nation America as well as other countries 2 keep it calm &amp; deliver us from harm in Jesus name??Amen #12K??,0,0,1,0,0,1
1766,hazard,Dark Night. ???? ??,"HOLD ON' 
Batman in Hazard suit. http://t.co/fSPLv8Inwr",0,0,1,0,0,1
1773,hazardous,New York,#Hazardous #Waste #Treatment #Disposal : Aug 2015 market growth feeble. http://t.co/yyt4KPtFh8 #MarketResearch #Statistics,0,0,1,0,1,1
1775,hazardous,"Mobile, AL",@moneymaker32931 tanker truck overturned carrying hazardous materials.,1,1,1,0,0,1
1777,hazardous,,#diablo #dsp Olap #world pres: http://t.co/LFEtNRXyWt How To Recognize A Hazardous Waste And The Multidimensio http://t.co/PvNvqaXsA7,1,1,1,0,1,1
1779,hazardous,Minnesota,@megynkelly illegals don't abide by the uniform building codes or OSHA safety codes.structur's they build are hazardous to your health.,0,0,0,0,0,1
1781,hazardous,,#hot #fiat Olap #world pres: http://t.co/QddYwTynvF How To Recognize A Hazardous Waste And The Multidimensiona http://t.co/dzQGotozNA,0,0,1,0,1,1
1785,hazardous,Yellowknife NT Canada,Drums of Hazardous Waste Dumped Around Kodiak Island: Someone has dumped drums of hazardous was... http://t.co/ZSnnrULaWo &gt;@alaskapublic,1,1,1,0,0,1
1788,heat%20wave,"Chicago, IL",New Post: Diff Durden - Heat Wave - CA - http://t.co/jGjgR4o5K0 Vote On Blog #DHHJ #HipHop #Chicago #NP http://t.co/1W10uKVHoo,1,1,1,0,0,1
1792,heat%20wave,"Rahway, NJ",It's nice out. Guessing the heat wave is over.,1,1,1,0,0,1
1795,heat%20wave,"Charlotte, NC",@sportguyshow the heat wave ends really tomorrow but still time for another one to build. Only other thing that ends the heat is Autumn.,1,1,1,0,0,1
1799,heat%20wave,"Milan, Italy",God the past few nights have been awesome but tonight it looks like the heat wave is back ?? can't breathe in my room!,1,1,0,0,1,0
1809,hellfire,Beal Feirste Northern Ireland,@emmap645 @Vickygeex @Zak_Bagans @NickGroff_ @AaronGoodwin A few friends of mine were up investigatin the hellfire last year they had loads,0,0,0,0,0,1
1811,hellfire,Azeroth,Come watch @QelricDK bash some face in Hellfire Citadel! http://t.co/juQIuN2mhg,1,1,1,0,0,1
1816,hijack,,Biggest security update in history coming up: Google patches Android hijack bug Stagefright http://t.co/bFoZaptqCo,0,0,1,0,1,1
1823,hijack,????? ?? ?????? -????? ????,Swansea ?plot hijack transfer move for Southampton target Virgil van Dijk? http://t.co/UOq87SP5JP,0,0,1,1,0,1
1824,hijack,#HDYNATION,hijack,1,1,1,0,0,1
1825,hijack,,Swansea ?plot hijack transfer move for Southampton target Virgil van Dijk? http://t.co/DNZjWwTAkI,0,0,1,1,0,1
1826,hijack,??? ???? ??????,Swansea ?plot hijack transfer move for Southampton target Virgil van Dijk? http://t.co/PYL26NFEn8,1,1,1,1,0,1
1827,hijack,,"Graham Phillips' Fundraiser Canceled By @JustGiving 

#fundraise #Ukraine #donbas 

http://t.co/HIbEf3CXOX http://t.co/9crFKQzD52",0,0,1,0,0,1
1846,hijacking,"Washington, D.C.",Earnest PletchÛªs cold-blooded killing of Carl Bivens was just one chapter in his strange life http://t.co/dnQn1OWWF9 http://t.co/xNEPq5HBYD,1,1,0,0,0,1
1849,hijacking,,Oops! I say he picked the right car to try hijacking. https://t.co/SoMgI7hwli,0,0,0,0,1,0
1869,hostage,"Limerick, Ireland.","Oh god Diane is following them to the hostage exchange in a taxi. 
#RandomActsOfRomance",1,1,1,0,0,0
1879,hostage,"Columbus, OH","@theCHIVE For the record I held this shirt hostage for nearly a year before sending it last minute to TX #BidTime 

http://t.co/edbxYatmaq",0,0,0,0,1,0
1881,hostage,Behavioral Analysis Unit (BAU),While being held hostage by Tobias Hankel,0,0,1,0,0,1
1890,hostages,"Hubli, Karnataka",@IndiaToday @Iamtssudhir Time for India to join global war against ISIS cant sacrifice national interest to save hostages! #NationFirst,1,1,1,0,0,1
1894,hostages,,@Deosl86 That does nit change the fact extracting hostages is pointless,1,1,0,0,0,1
1896,hurricane,,AngelRiveraLibÛ_ #Snowden 'may have' broken laws? Hurricane Katrina may have caused some damage. http://t.co/jAaWuiOvdc Without Snowden hÛ_,1,1,1,0,1,1
1898,hurricane,"San Francisco, CA",Residents artists remember aftermath of Hurricane Katrina through artwork - WDSU New Orleans: WDSU New Orlean... http://t.co/U6pAvbZoB3,1,1,0,0,0,1
1900,hurricane,"San Antonio, TX",@ReinhardBonnke is preaching on the Holy Spirit! Holy Spirit blows atmosphere to pieces! Atmosphere is air in a jar. The HS is a hurricane!,0,0,0,0,0,1
1903,hurricane,"Astoria, NY",@leeranaldo expressing his rage about Hurricane Sandy #LCOutOfDoors http://t.co/IwPR2qGYsI,1,1,0,0,0,1
1906,hurricane,Worldwide,Brooklyn Sites Get $2.6 Million to Undo Hurricane SandyÛªs Toll http://t.co/HukwD0RE2a,1,1,0,0,1,0
1907,hurricane,Dublin,I'm a hurricane.,0,0,1,0,0,1
1915,injured,"Washington, DC","#Redskins WR DeSean Jackson injures right shoulder at training camp today. Watch the play HERE: http://t.co/GABecyzBzJ
@wusa9 #SkinsOn9",0,0,1,0,0,1
1923,injuries,"chapel hill, cary n.c.",@wral there are now 5 fire trucks and 2 ambulances at Wellington ridge lp in Cary. one of the units is on fire. not sure on injuries,1,1,1,0,0,1
1924,injuries,Edmonton,@EdmontonEsks SB Adarius Bowman says team leadership and depth have helped through some key injuries https://t.co/hCnmZsfNcI #yeg,1,1,0,0,0,1
1933,injuries,,@ringsau and injuries can account for elevated levels of tb4 Richard?,0,0,1,0,0,1
1950,injury,,Ben Heenan carted off the field at @Colts training camp.. No word on how serious the injury is #colts #nfl,1,1,0,0,0,1
1968,inundation,,@womanxking Well you're safe in NY. Avoid inundation zones in the pacific north west though.,0,0,0,0,0,1
1972,landslide,,Is this the real life? Is this just fantasy? Caught in a landslide. No escape from reality.,0,0,1,0,0,1
1973,landslide,Central New Jersey,TommyGShow: Burlington County offers to purchase landslide-damaged properties in Florence http://t.co/xgguElyxyi,1,1,1,0,0,1
1985,landslide,,"Dixie Chicks - Landslide - ??can I sail through the changing ocean lides??
??can i handle the seasons of my life??
http://t.co/jRsGmTT3AI",0,0,0,0,1,0
1986,landslide,Upper St. Clair,#CecilTownship seeks emergency repairs to Southpointe Boulevard landslide: http://t.co/ZjJdt3so72,1,1,0,0,1,1
1996,lava,,"@YoungHeroesID 
4. LAVA BLAST dan POWER RED #PantherAttack @Mirnawan_13 @Zakia_kiia",0,0,1,0,1,1
1999,lava,,@_Souuul * gains super powers im now lava girl throws you ina chest wrapped in chains &amp; sinks you down the the bottom of the ocean*,0,0,0,0,0,1
2009,lightning,Winston Salem NC,Lightning #rebeccafav http://t.co/q9Q87mDEzY,0,0,1,0,0,1
2014,lightning,"Rotterdam, The Netherlands",@LtDalius after democracy,0,0,1,0,0,1
2018,lightning,"North Carolina, USA",Lightning http://t.co/9DQhdEi357,1,1,1,0,0,1
2019,lightning,,@Followtheblonde @reba RED THUNDER AND BLONDE LIGHTNING BACK IN ACTION??????,0,0,1,0,0,1
2051,mass%20murder,The Real World,@CamPepperr @RiceeChrispies Then he would go to jail. But that wasn't a mass murder was it? It was a mistake that he made and he doesn't,0,0,0,1,1,0
2057,mass%20murderer,,Sooooo shooting up movie theaters the new mass murderer wave??,1,1,1,0,0,1
2058,mass%20murderer,,@AParra210 So you are stereotyping the people. Are you a mass murderer like today's shooter?,0,0,0,1,1,0
2059,mass%20murderer,Reaching for the stars,So wait he really not gonna tell his wife that he is a mass murderer now and a cheat #derailed @itv2...I'm done with this film ????,1,1,0,1,1,0
2062,mass%20murderer,,I am disgusted by @libertarianism and @CatoInstitute for celebrating a mass murderer of innocents today.,1,1,1,0,1,1
2063,mass%20murderer,"Fukushima, JAPAN",Mass murderer had sex without touching each other or taking their clothes off because he was so fanatical on hygiene http://t.co/RfewQRGzbs,1,1,0,0,1,0
2066,mass%20murderer,england,also loki is treated too nicely for the fandom as a mass murderer but we all know why :),0,0,0,0,1,0
2070,massacre,,embrace the beauty of the massacre that lies ahead,0,0,1,0,0,1
2072,massacre,"Santos, SÃÂ£o Paulo",@stefsy14 the birthday massacre!!!,0,0,1,0,0,1
2075,massacre,@KEYTNC3 @KCOY,What person would possibly make a horror film about the Isla Vista massacre in order to make money off of our tragedy?,1,1,1,0,0,1
2081,massacre,"Waco, Texas",Saturday Night Massacre ? 25 Years Later #TomLandry?s Firing Still A Day of Infamy http://t.co/MlA71Y7mMW,1,1,1,0,1,1
2088,mayhem,"Hollywood, Ca",Wed Aug 8 ! #Mayhem @ Avalon ! 19+ Event ! July &amp; Aug Bdays Free! Tix -&gt; http://t.co/1oZe4aW3Ju Txt (818) 447-8427 http://t.co/uzpKaRBAQv,0,0,0,0,0,1
2092,mayhem,"The Woodlands, TX",Slayer at Rockstar Mayhem Festival #slayer #metal #concertphotography #houston #livemusic #canonÛ_ https://t.co/5FrWySzwrs,0,0,0,0,0,1
2095,mayhem,Central Jersey,PNC Bank Arts Center shooting: Holmdel man nabbed http://t.co/tvmD14uikO,1,1,1,1,0,1
2107,meltdown,"North Vernon, IN",The U.S. will experience an economic meltdown similar to the early 2000s mortgage shit show due to student loans. You heard it here first ????,0,0,0,0,0,1
2130,military,,VIDEO=&gt; Barack Obama: America Has a Mindset that ÛÏPrefers Military Action Over NegotiationÛ http://t.co/kLs6UPlw0T via @gatewaypundit,0,0,1,0,0,1
2132,military,Worldwide,Obama warns there will be another war without Iran deal #military http://t.co/gM7QlTRLuW http://t.co/wTutMlHDMH,1,1,0,1,1,0
2136,mudslide,Kocaeli-Izmit,#Tajikistan #Mudslides #China aids to #Mudslide-hit #Tajiks http://t.co/BD546mtcpN,1,1,1,0,0,1
2141,mudslide,1/11 numberjacks squad,@picniclester it was a mudslide,1,1,1,0,1,1
2144,mudslide,"ÃÃT: 58.193556,-5.334943","Looks like a Mudslide!

#GBBO",0,0,1,0,0,1
2145,mudslide,St Albans,@curryspcworld looks like a mudslide. Unreal scenes.,1,1,1,0,0,1
2148,natural%20disaster,,@patrickandsam @ghaccount I've been screaming natural disaster for months but now idk. Maybe a hospital crisis.,1,1,0,1,0,1
2152,natural%20disaster,bishop amat,natural disaster on you half ass rappers,0,0,1,0,0,1
2157,natural%20disaster,U.A.E.,Washi is indeed 'A Natural Disaster' ????,1,1,1,0,0,1
2158,natural%20disaster,,I added a video to a @YouTube playlist http://t.co/Ei5Z52tohR Natural Disaster Survival ep.7 '2079 Bacon Hair...',1,1,1,0,0,1
2167,nuclear%20disaster,Canada,Digital archive of public documents on the 2011 nuclear catastrophe at Fukushima launched. http://t.co/faJnMjNcxp,1,1,1,0,0,1
2172,nuclear%20disaster,NYC,Check out 'NOVA | Nuclear Meltdown Disaster' http://t.co/ZzxM74d7qV #PBS,1,1,0,1,1,0
2184,nuclear%20reactor,Finland,@MaximEristavi Meanwhile in Finland: Nuclear project with Russian Rosatom moves on http://t.co/ogkoeFvzrj,1,1,1,0,0,1
2187,nuclear%20reactor,,ThorCon: A Thorium Molten Salt Reactor System that can be built Now https://t.co/K90M1qoE9q #thorium #Auspol #climate #nuclearrcSA #nuclear,1,1,0,1,1,0
2188,nuclear%20reactor,Washington DC region,Steam pipe problems sideline US #Navy's 3 newest #submarines. #breaking news. My story at http://t.co/L8QFRdwBPg http://t.co/JrzjtqjSi7,0,0,0,0,1,0
2191,nuclear%20reactor,Helsinki,Finnish Nuclear Plant to Move Ahead After Financing Secured http://t.co/S9Jhcf3lD7 @JukkaOksaharju @ollirehn @juhasipila,0,0,1,0,0,1
2201,obliterate,"North Carolina, USA",This is progress? Weaponry to obliterate every trace of natural life? This is absolute total lunacy. #Hiroshima http://t.co/tBhiSukfvn,1,1,0,1,1,1
2202,obliterate,Seattle,@PauloSergioMDC @TheIranDeal @POTUS Those silly talks trusting a terrorist nation (who hates us) that has vowed to obliterate Israel.,1,1,0,0,0,1
2212,obliterate,,@ohnoeunhae Hyukkie &amp; Chullie aim to completely obliterate the ship that was Eunhae.,0,0,0,0,0,1
2257,oil%20spill,,Got the gas and the splash like an oil spill.,0,0,1,0,1,1
2261,oil%20spill,Arlington,When the Government couldn't figure out how to plug the Gulf oil spill so Chuck Norris plugged it...with his fist.,1,1,0,1,1,0
2276,pandemonium,LND Greatest City In the World,What scenes at Trent Bridge England could win the #Ashes today at this rate! #Pandemonium,0,0,1,0,0,1
2279,pandemonium,Nigeria,Pandemonium In Aba As Woman Delivers Baby Without FaceåÊ(Photos) http://t.co/BUKDVKuRTw,0,0,1,0,1,0
2284,pandemonium,Jabalpur,Bihar Assembly fails to transact business due to pandemonium http://t.co/stp2Rsm3Af http://t.co/Dx8zBWAr4k,0,0,1,0,0,1
2319,police,Wolverhampton,A man tried to steal my phone I saw ye police near me and punched him and started shouting for them. I ran after him for two miles....,0,0,0,1,1,0
2320,police,"Gresham, OR",FOLLOW-UP at 4700 BLOCK OF SW 11TH ST GRESHAM OR [Gresham Police #PG15000044153] 17:00 #pdx911,1,1,1,1,0,1
2322,police,,EFF and MuckRock run census to find out how local police track your biometrics http://t.co/vA9PvpS9Dj,0,0,0,1,1,0
2325,police,Uganda l Africa l Worldwide.,#Np love police @PhilCollinsFeed On #LateNiteMix Uganda Broadcasting Corporation. UBC 98FM #Radio/ #Uganda / #MbbLive,0,0,1,0,0,1
2329,police,"Colorado, The Mile High City",@longshipdriver the police here in the U.S. need to stop killing people,0,0,1,0,1,1
2340,quarantine,2014.02.14~ing,Quarantine.' Enforced isolation to prevent contamination that could lead to disease or in some cases death.,1,1,1,0,0,1
2346,quarantine,New York,Reddit updates content policy promises to quarantine Û÷extremely offensiveÛª communities http://t.co/GJKCALiUHk,0,0,1,0,1,1
2364,radiation%20emergency,"Salem, OR",SB228 [Passed] Relating to sources of radiation; and declaring an emergency. http://t.co/D1xlFKNJsM,1,1,1,0,0,1
2367,rainstorm,"Secane, PA",Approaching rainstorm http://t.co/3YREo3SpNU,1,1,1,0,0,1
2372,rainstorm,,Photo: Rainstorm On The Way To Brooks NearåÊDinosaur Provincial Park Alberta July 11 2015. http://t.co/Mp9EccqvLt,1,1,0,0,0,1
2379,rainstorm,,rainstorm??,1,1,1,0,0,1
2386,razed,Try looking at the map?,@RazeD_ yea in this photo,0,0,1,0,0,1
2390,razed,University of Alabama,From the Archive: National Poetry Month: Anterior of a Razed Room http://t.co/7ARN4OBiyC,0,0,1,0,0,1
2400,refugees,,wowo--=== 12000 Nigerian refugees repatriated from Cameroon,1,1,1,1,0,1
2406,refugees,,Refugees as citizens - The Hindu http://t.co/GJSaAf3U6K,0,0,1,0,1,1
2407,refugees,lbtidronegirlshell,Still wonder why they will do anything to have a life anywhere. Wars u support CAUSE refugees open boarders. #auspol https://t.co/3MjtE74AiW,1,1,0,0,1,0
2408,refugees,,reaad/ plsss 12000 Nigerian refugees repatriated from Cameroon,1,1,1,1,0,1
2410,rescue,,@bcook28 @zacktiller30 bring in the rescue squad ??,1,1,1,0,0,1
2423,rescued,Summerside,Worker rescued from top of Central Street water tower in Summerside http://t.co/MkMlCTYmee,1,1,1,0,1,1
2424,rescued,Canada,10-Month-Old Baby Girl was Rescued by Coastguard after She Floated HALF A MILE Out to Sea! http://t.co/kJUzJC6iGD,1,1,0,1,1,1
2433,rescued,Patra-Greece.,Incheon Prosecutors Office: Drop the charges against Nami Kim who rescued two puppies from 'Dog Hangi... https://t.co/vWzX2P6Dnk via @Change,0,0,1,0,0,1
2440,rescuers,"Los Angeles, CA 90045",Bay Whale Worries Rescuers http://t.co/nfKTvVLWHm,1,1,1,0,1,1
2448,rescuers,,Photo: theonion: Rescuers Heroically Help Beached Garbage Back Into OceanåÊ http://t.co/YcSmt7ovoc,0,0,1,0,1,1
2451,riot,"Portland, OR",@CHold ironically RSL call their stadium the Riot,1,1,0,0,0,1
2459,riot,California,To All The Meat-Loving Feminists Of The World Riot Grill Has Arrived http://t.co/MK9ZIp2ro7,0,0,0,0,1,0
2467,rioting,GO Bucks!,"we shootn each other over video games................wow ghee sad
but I still don't see no rioting no walks no... http://t.co/O423U56yPh",0,0,1,0,1,1
2471,rioting,Azeroth,@amiestager there's better alternatives than rioting and if we don't kill them they'll kill us...,0,0,0,0,0,1
2472,rioting,#DCjacobin,I have stopped trying to figure out if THIS will be the misogyny/racism/religion-fueled shooting that will incite rioting.,1,1,0,0,1,0
2474,rioting,Davis,@abbydphillip @dahboo7 Shh...it's only OK for the puny 13% black population to get mad. The gov can't control the majority rioting.,0,0,0,0,1,0
2475,rioting,,@foxandfriends where is protest looting and rioting that is for ignorant people,1,1,1,0,1,1
2476,rioting,Ã¥Â©hicago,@brownblaze on tumblr the day/night of it was all over. The first I heard anything about it anywhere elsewere simply reports of rioting.,1,1,1,0,1,1
2477,rioting,"Manhattan, NY",Why are we not rioting in the streets for change/a future? We outnumber lobbyists! #WakeUpAmerica #CleanPowerPlan http://t.co/sONJy4HK46,0,0,0,0,1,0
2480,rioting,Liverpool,Half of Australia is currently rioting because they think 'Extras' is an aboriginal cricketer stealing their sport.,1,1,0,0,0,1
2481,rioting,,http://t.co/DYKYpy3vA5 Cindy Noonan@CindyNoonan-Heartbreak in #Baltimore #Rioting #YAHIstorical #UndergroundRailraod,1,1,1,0,1,1
2486,rubble,Diantara Temlen Laksani,RT PemantauJKT48: China's Stock Market Crash: Are There Gems In The Rubble? http://t.co/g0En3ELVCL via melodyJKTÛ_ http://t.co/KHrish3BP0,0,0,0,0,1,0
2494,rubble,West Coast,"@KurtSchlichter Grandpa fought his way across Western Eurpoe mustered out in Guam on his way to the Home Islands.

Bounce the rubble.",0,0,0,0,1,0
2580,seismic,Malta; Gozo,The time for small steps has long been over. We need a seismic shift in thinking to address #migration in a holistic human &amp; humane way.,0,0,1,0,0,1
2582,seismic,London,"Anti-fracking group seeks review over #Lancashire seismic monitoring:

http://t.co/ZzbqmGNUsl #fracking http://t.co/Y23Xzl3fZv",1,1,1,0,0,1
2584,seismic,"Kanto, Japan",[10:45:27JST Aug06:First Alert] M4.1 at 'E off Chiba pref.' under 10km (35.8140.8). Estimated max seismic# is 3,1,1,1,0,0,1
2595,seismic,Worldwide,@Statoilasa &amp; @TOTAL make significant discovery in the North Sea: Visualise the full potential on our seismic #g http://t.co/ve2eBqm21B,1,1,1,0,0,1
2621,siren,,@Kronykal @B30wu1f2 I see no point in countering skewed statements. Dumb statement is dumb.,1,1,1,0,0,1
2624,siren,,Police siren sound effect 1 via Play Tube Fre http://t.co/BLWnTMyQmQ,0,0,0,0,1,0
2626,sirens,,"Check out what I found on Google images!
Something to live by! ?? http://t.co/WjOzlQBiE0",0,0,0,0,1,0
2638,sirens,,There was also a calm. Something was going to happen. Suddenly a crash of lightning came through the sky and with it the wails of sirens. --,1,1,1,0,1,1
2645,sirens,,Fire truck sirens for the past ten minutes straight coming and going. Must be huge. Maybe it's taco bell and they'll build a Sonic instead.,1,1,0,1,1,0
2663,snowstorm,,How does a snowstorm happen? Find the answers here: http://t.co/m75fCLUtF2 #snowstorm,1,1,1,0,0,1
2665,snowstorm,"NJ, USA",Tess was almost born in a snowstorm. I was 39 years ago. Here's her birth story. http://t.co/UnyuRR8baw #VBAC #NaturalBirth,0,0,1,0,1,1
2666,snowstorm,The Land of Make Believe,She rose to her lofty position after being transported by accident to Oz in a hot air balloon during a snowstorm.,0,0,1,0,0,1
2670,snowstorm,Mountains,RT RTphotographyUK: New #photo Oak in a snowstorm http://t.co/gWOKZELq5Q taken in #winter on the #SouthDowns #Hampshire #photography #artÛ_,1,1,1,0,1,1
2677,snowstorm,Mountains,New #photo Oak in a snowstorm http://t.co/gWOKZELq5Q taken in #winter on the #SouthDowns #Hampshire #photography #art #tree #treeporn,1,1,1,0,1,1
2680,snowstorm,,The sun is shining on this house now but imagine trying to build this summer home during a North East snowstorm!... http://t.co/BtJL9JkvXZ,1,1,0,1,1,0
2683,snowstorm,New England ????,"I feel like the cold homeless orphan gazing into the cozy mansion of the affluent eating a lobster dinner during a snowstorm.

It's fine.",1,1,0,0,0,1
2693,storm,Fairbanks Alaska,Aurora Prediction: Kp: 3.33(11:16) 4.67(14:16) AK (earth 2.00) 75% Status: Low Storm,0,0,1,0,0,1
2694,storm,Where is my mind?,@DovahSwag @Gray_Greymane DotA 2 &gt; Heroes Of The Storm &gt; League Of Legends,0,0,1,1,0,0
2714,stretcher,,georgegallagher: RT WNBA: Stars coach Dan Hughes taken off court on stretcher after collision with Danielle RobinÛ_ http://t.co/wz4xVZYqJd,0,0,0,0,1,0
2727,structural%20failure,"BurBank, CA",Can You Afford Structural Failure? http://t.co/X3mKNITh7K,0,0,0,0,1,0
2730,structural%20failure,"Swaggdad, Irock",@GazelleBundchen different materials etc. Just because a closer building stayed intact doesn't negate a structural failure in building 7.,0,0,1,0,0,1
2766,suicide%20bombing,"Charlotte, NC",@JRehling @MyyTwoCentss And if your best evidence is the word of a guy who encouraged suicide bombing as a means to get to heaven.....well..,0,0,0,1,1,0
2783,sunk,{Daughter of Ares} {Eighteen},Managed to shuffle over to the bed. Butterflies swarmed in the pit of her belly at @VengefulKnave's offer. Her canines sunk into her lower++,0,0,1,0,0,1
2784,sunk,Tweets by David,Today 5/8/1941 Today 1941 British cargo ship Kumasian torpedoed/sunk Atlantic lost 1 of 60 lives Any1 have link? #crewlist #WW2,1,1,0,0,0,1
2807,survive,,#WWII #SGM T34 in flames but with tank of gasoline to the outside it is likely that the crew survive . http://t.co/Psz22ky0fM,1,1,0,0,1,0
2808,survive,"Quezon City, National Capital Region",Survive! ???? no sleep as in!,0,0,1,0,0,1
2814,survived,portsmouth,Good news Adam Barton survived the helicopter crash in #Emmerdale maybe now he can start training &amp; get match fit. #Pompey,1,1,0,0,1,0
2825,survived,"Eugene, OR",Wow that was a tough final. I barely survived ??,0,0,0,0,0,1
2826,survived,Keeper of the TriForce,I survived the tube strike! This is my victory smile ;D http://t.co/L3Y3x2Cats,0,0,0,0,1,0
2841,survivors,"Temple, GA",No text is worth your life. Hear stories of survivors and pledge not to text and drive. http://t.co/xkAfgsGmZ5,1,1,0,1,1,0
2844,survivors,,@ShaunKing Check this out: Tribute to survivors of sexual assault by law enforcement officers on facebook.,1,1,0,0,0,1
2849,terrorism,FLA,@BBCNewsAsia State sponsored terrorism.,0,0,1,0,1,1
2856,terrorism,"Washington, DC",New US counter #terrorism program urges #Muslims to rat each other out critics say http://t.co/r0w85x3b0z http://t.co/VUUQqBo6mp,1,1,1,0,0,1
2859,terrorism,(SoCal),"?? Iran largest sponsor of terrorism
?? If #IranDeal goes thru US gives $150 Billion

?? FACT: US will become largest supporter of terrorism",1,1,1,1,0,1
2861,terrorism,,New US counter #terrorism program urges #Muslims to rat each other out critics say http://t.co/mVn6T9VhUl http://t.co/7lUfjX684i,0,0,1,0,0,1
2870,terrorist,"Washington, DC",Reading rec today: Faisal Devji's Terrorist in Search of Humanity on extremists using idea ever since the bomb of humanity as single entity,1,1,1,0,0,1
2874,terrorist,,To whom we shld ask tht from where this bldy PAK terrorist has entered in our country...?,1,1,1,0,0,1
2879,terrorist,"New Delhi, Delhi",#Congi &amp; Indian News Presstitutes must be sympathising on the Terrorist caught alive in Jammu.If they can do for Yakub Sonia must be feeling,0,0,0,0,1,0
2880,terrorist,,@RegaJha @sethiankit True also a racial attack in US perturbs buzzfeed India more than 3 back to back terrorist attacks on India..,1,1,1,0,1,1
2886,threat,,Angry Orchard Hard Cider Recalled Due To Threat of Exploding Bottles http://t.co/OXgefsoF2B,1,1,1,0,0,1
2887,threat,"Portland, Oregon, USA",Most Popular Content Top story: Barrel Bombs Not ISIS Are the Greatest ThreatÛ_ http://t.co/c8YYUWmefG see more http://t.co/BsMz4qlLBN,1,1,0,1,0,0
2919,tornado,,Going to attempt the California fair again tomorrow hopefully we don't die in a tornado ??,0,0,1,0,1,1
2920,tornado,,#tornado #singapore Mac and #cheese #around the world - mac cheese cookbook: http://t.co/rgAm3eQOwn Mac and Ch http://t.co/X6ZJpzB8UP,1,1,0,0,1,0
2926,tornado,,@sarahnandola BTW we all live in libertyville now. Bc of the tornado,1,1,1,0,0,1
2936,tragedy,America,They can only ban SAFE abortions- back alley tragedy will come back. USA is NOT a theocracy!!!!! http://t.co/qIkS2FUTb1,0,0,0,0,1,0
2938,tragedy,Sheeps Clothing,@MeekMill Have your beef Idgaf but you went too far when you used a tragedy where PEOPLE DIED to insult Drake. You owe T.O an apology.,1,1,0,0,1,0
2942,tragedy,,These women all bonded through tragedy. All of em were broken in some way,0,0,1,0,0,1
2951,trapped,Massachusetts,No one on the south shore knows how to make good coffee and I'm trapped in a living hell,0,0,0,0,0,1
2953,trapped,instagram- joeyparmenterr,Eric is 18 trapped in a 48 year olds buddy,0,0,1,0,0,1
2963,trapped,,Ghost is literally surrounded by people who are trapped mentally. Small minded individuals smh.,0,0,0,0,1,0
2966,trauma,N.E.Ohio,sickmund: RT NCJFCJ: #NCJFCJ President Judge Byrne opens the first Nat'l Summit on #Trauma &amp; the Courts in #ClevelÛ_ http://t.co/1rzxqpUGFG,0,0,1,0,1,1
2968,trauma,"Nashville, TN",Esteemed journalist recalls tragic effects of unaddressed #childhood #trauma. #counciling #therapy #newauthors #HIV http://t.co/GXq1AuhzCy,0,0,0,0,0,1
2971,trauma,,@MountSinaiNYC @Beingtweets @Susancares2x #onbeingwithKristaTippett This is important for women living w/HIV the science of trauma,0,0,1,0,1,1
2974,trauma,"California, USA",@AngstAttack Dating a woman does NOT make you a Lesbian. However Lesbians are in fact caused by experiencing trauma involving a man.,0,0,1,0,0,1
2980,trauma,,North American Rescue IFAK Refill Trauma Kit with NEW Red Tip Tourniquet IPOK + http://t.co/wrxwCA35EZ http://t.co/Ve0vXVJOkz,0,0,1,0,0,1
3000,trouble,"City of Bacoor, CALABARZON PHL",RT MMDA: ADVISORY: Stalled Bus at EDSA Service Road Cubao SB due to mechanical trouble as of 7:53 AM. 1 lane occupied. MMDA T/C on site. TÛ_,1,1,1,1,0,1
3018,tsunami,rest easy angel @datboiiharri.,I just wanna food but of course I had to get caught in this fucking tsunami. ????,0,0,0,0,0,1
3028,tsunami,,This high-tech sphere can be the key to saving lives during a tsunami. What would you pack in it? http://t.co/KwlpFqRBVp,1,1,0,1,1,0
3032,twister,"Quezon, Philippines",Twister hits 4 villages in Quezon province - http://t.co/ehJv0gvo47 http://t.co/pzJcRNrBSr #Quezon #news,1,1,1,0,0,1
3063,upheaval,"Surrey, BC",This week we received the sad news of our friends daughters cancer prognosis. This is the second upheaval in this... http://t.co/tpOptWMWFR,1,1,0,0,0,1
3067,violent%20storm,,@hippieXox If the word 'violent' comes to mind it's food poisoning. Nothing you can do but weather the storm about 24 hours. :(,1,1,0,1,1,0
3079,violent%20storm,Worldwide,"Violent Forces Radio: Now Playing Axegressor - Psalm Before the Storm
TuneIn Player @ http://t.co/XsSgEdSbH4",0,0,0,1,1,1
3089,volcano,"Sawangan 1, Central Java",?? @ KETEP VOLCANO CENTRE ketep PASS https://t.co/IdBnKxu80L,1,1,1,0,0,1
3094,volcano,,Quake: M 1.9 - 5km S of Volcano Hawaii,1,1,1,0,0,1
3095,volcano,"Baker, Louisiana",what's the hottest thing you've ever seen..fire?..the sun?..a volcano? or this? http://t.co/2GLdsHRaiI,0,0,0,1,1,0
3102,war%20zone,MDS af ?,Saipan looks like a war zone though,1,1,1,0,1,1
3106,war%20zone,Sky's The limit (B.I.G) ????,Twitter is going to be a war zone today https://t.co/1QHNqCZvod,0,0,0,0,1,0
3107,war%20zone,Canada,The Resistance wages guerrilla warfare against KPA forces in the Red Zone the war-torn outskirts of... http://t.co/WFxAwQvvjr,1,1,1,0,1,1
3124,weapons,,"Aug 3 1915ÛÓKILL 10000 WITH ROCKS.; Italians Make Good Use of Nature's Weapons -- Excel with Bayonet.
http://t.co/ck1mMvHU0T",1,1,1,0,0,1
3125,weapons,,@deray @marstu67 Cop Benefits:Great Salary Free Car Free Rent Free Food.Free Weapons License to Kill &amp; Rape with Impunity.,0,0,1,0,1,1
3139,whirlwind,140920-21 & 150718-19 BEIJING,"[VID]150806 Luhan From Luhan Studio Channel on YOUKU Update 

http://t.co/W7yeZkQlCJ http://t.co/C0QWZ0IshR",0,0,1,0,0,1
3144,wild%20fires,YYC,my wife has opted to take holidays &amp; historically since we met @lanahillman gets special treatment her bonfires can't start wild fires-RAIN!,1,1,0,1,1,0
3145,wild%20fires,,Like blazing wild fires singing Your name!,0,0,1,1,0,1
3152,wild%20fires,Colorado,Stampedes and fires brought him home; can her love make him stay? TAME A WILD HEART #audiobook http://t.co/2dPKqAFtbr #BYNR @BeingAuthor,0,0,0,1,1,0
3160,wildfire,Colorado,11:57am Wildfire by The Mynabirds from Lovers Know,0,0,1,0,0,1
3164,wildfire,"Tucson, Arizona",Here's a quick timelapse I made of the Finger Rock Fire last night from about 9PM - 1AM. Check it out! #fingerrockfire #wildfire #catalinas,1,1,0,1,0,1
3185,windstorm,,Texas Seeks Comment on Rules for Changes to Windstorm Insurer: The Texas Department of Insurance is seeking pu... http://t.co/NGF9n8Jquu,0,0,0,0,1,0
3195,wounded,"Chicago, Illinois",Man seriously wounded in Auburn Gresham shooting http://t.co/qPsSbAfSuL #Chiraq,1,1,1,0,0,1
3243,wrecked,Deep in the heart of LibLand,What manner of human being would parcel out a baby as though it were a wrecked car in a junk yard? TheÛ_' ÛÓ dtom2 http://t.co/lj6lzo4isX,0,0,1,0,0,1
3258,,,EARTHQUAKE SAFETY LOS ANGELES ÛÒ SAFETY FASTENERS XrWn,0,0,1,1,0,1
3262,,,#CityofCalgary has activated its Municipal Emergency Plan. #yycstorm,1,1,1,0,1,1
