id,keyword,location,text,target,Correct Prediction,RIDGE-2e359f0b,SVC-4c2e484d,LOGISTIC_REGRESSION-8b7db91c,SGD-2e359f0b,DECISION_TREE-7bc816a1,RANDOM_FOREST-60314ef9
3,,,Apocalypse lighting. #Spokane #wildfires,1,1,0,0,0,0,0,0
32,accident,USA,#3: Car Recorder ZeroEdgeå¨ Dual-lens Car Camera Vehicle Traffic/Driving History/Accident Camcorder Large Re... http://t.co/kKFaSJv6Cj,0,0,1,1,1,1,1,1
48,aftershock,California,When the aftershock happened (Nepal) we were the last int'l team still there; in a way we were 1st responders.' Chief Collins @LACo_FD,1,1,0,0,0,0,0,0
77,ambulance,Happily Married with 2 kids,AMBULANCE SPRINTER AUTOMATIC FRONTLINE VEHICLE CHOICE OF 14 LEZ COMPLIANT | eBay http://t.co/7X3PDDbT0Z,1,1,0,0,0,0,0,0
81,ambulance,Worldwide,New Nanotech Device Will Be Able To Target And Destroy Blood Clots http://t.co/MnmyJXQ9go #science,1,1,0,0,0,0,0,0
91,annihilated,,@johnboywest The only 'stage' the drama queen can stand on is a drama stage &amp; certainly never the world stage; he would be annihilated.,1,1,0,0,0,0,0,0
97,annihilated,upstate NY,@thehill this is 1 example of y the Conservatives annihilated Burton v Wiimington Prkng Auth while Liberals stood by &amp;have done nothing,1,1,0,0,0,0,0,0
98,annihilated,,"Aug 3 1915ÛÓKAISERJAEGERS WIPED OUT.; Francis Joseph's Crack Regiment Annihilated on Carso Plateau.
http://t.co/D1sPSwl66H",1,1,0,0,0,0,0,0
99,annihilated,,They should all die! All of them! Everything annihilated!,1,1,0,0,0,0,0,0
103,annihilation,,Please sign &amp; RT to save #SaltRiverWildHorses http://t.co/GB8ispiaRP http://t.co/Bx0l87iNc8,1,1,0,0,0,0,0,0
119,annihilation,,Stop the Annihilation of the Salt River Wild Horses!!! https://t.co/546utTXzAm via @Change,0,0,1,1,1,1,1,1
149,armageddon,,"#MustRead: Vladimir #Putin Issues Major Warning But Is It Too Late To Escape Armageddon? by @PCraigRoberts #US #Rus
http://t.co/5GFhfCIjrF",1,1,0,0,0,0,0,0
181,arson,Reality Based World,RT @TheAdvocateMag: Owner of Chicago-Area Gay Bar Admits to Arson Scheme http://t.co/wHTMwtgROJ #p2 #LGBT,1,1,0,0,0,0,0,0
182,arson,EARTH,#LGBTQ News ?? Owner of Chicago-Area Gay Bar Admits to Arson Scheme: Frank Elliott pleaded... http://t.co/sGb9vNWqUx Via @TheAdvocateMag,1,1,0,0,0,0,0,0
185,arsonist,,Owner of Chicago-Area Gay Bar Admits to Arson Scheme: Frank Elliott pleaded guilty to hiring an arsonist to to... http://t.co/L82mrYxfNK,1,1,0,0,0,0,0,0
202,attack,Maryland,End the Innovation Catch-22: Reduce the Attack Surface http://t.co/Gj4SSEhk1D #INDUSTRYINSIGHTS #mcgsecure,0,0,1,1,1,1,1,1
215,attacked,UK,Newcastle: Schoolgirl attacked in Seaton Delaval park by 'pack of animals' led by a former friend http://t.co/4xbrVNib9T #newcastle,1,1,0,0,0,0,0,0
222,attacked,Indonesia,I attacked Robot-lvl 1 and I've earned a total of 16000 free satoshis! http://t.co/2PZcXSkNCg #robotcoingame #Bitcoin #FreeBitcoin,1,1,0,0,0,0,0,0
228,attacked,"Nashville, TN",Metro Nashville Police - simply the best. Thank you for protecting us. 911 call: http://t.co/ZWIG51QECF via @AOL,0,0,1,1,1,1,1,1
229,avalanche,"Down, down, baby...,SC.",I was having such a peaceful happy Twitter experience ...then *AVALANCHE OF IDIOCY*!!!!!! https://t.co/iIR1v39THE,1,1,0,0,0,0,0,0
232,avalanche,,One glance and the avalanche drops. One look and my heartbeat stops.' Oh WALK THE MOON how you get me.. I couldn't have said it better.,1,1,0,0,0,0,0,0
237,avalanche,,PLUS PERFORMANCE CHIP FUEL SAVER CHEVY SILVERADO/AVALANCHE/BLAZER/TAHOE http://t.co/eocKbeOGm0 http://t.co/cvjCidgEZ7,1,1,0,0,0,0,0,0
243,avalanche,,02 03 04 05 AVALANCHE 1500 REAR AXLE ASSEMBLY 2055271 http://t.co/VxZhZsAlra http://t.co/HmXWRkbLS0,1,1,0,0,0,0,0,0
244,avalanche,"Denver, CO",Senators have another year to determine Hoffman's v... #ColoradoAvs #NHLAvalanche http://t.co/CIzZOc6f0D http://t.co/PEmYHD3Nfz,1,1,0,0,0,0,0,0
247,avalanche,,@90sAngelicMalik listen to wtm avalanche and take a deep breath,1,1,0,0,0,0,0,0
248,avalanche,,Now there's an avalanche... These men are lunatics #livingontheedge,1,1,0,0,0,0,0,0
254,battle,USA!,I liked a @YouTube video from @screwattack http://t.co/W5dLLV48cs Knuckles punches into DEATH BATTLE!,1,1,0,0,0,0,0,0
274,bioterrorism,"Denver,CO USA",@bbcworld Bioterrorism drones can reach large populated erea.,1,1,0,0,0,0,0,0
278,bioterrorism,,Anthony Kimery Discusses #BioTerrorism on SyFy Channel's 'Joe Rogan Questions Everything' http://t.co/zckJWAcRCs,1,1,0,0,0,0,0,0
285,bioterrorism,,To fight bioterrorism sir.,1,1,0,0,0,0,0,0
287,bioterrorism,Philippines :),@prsnvns that's good to hear. Mine could be better but I can manage. It's alright you do what you have to. Bioterrorism doesn't wait.,1,1,0,0,0,0,0,0
294,blaze,Texas,I liked a @YouTube video from @ashens http://t.co/yC9tywuzQm Blaze / Atgames Handheld Mega Drives | Ashens,1,1,0,0,0,0,0,0
296,blaze,,Omg i need to go like yesterday ???? https://t.co/3oP6G7ovzO,1,1,0,0,0,0,0,0
310,blazing,VISIT MY YOUTUBE CHANNEL.,HAPPENING NOW - FDNY RESCUE 1 BLAZING THRU@AND BLASTING THE AIR HORNÛ_ https://t.co/bX6cwRt8M7,1,1,0,0,0,0,0,0
322,bleeding,Sherbrooke & MontrÃÂ©al,You cut me open and I keep bleeding. #BleedingLove #LeonaLewis #acapella #singer #canadiansingerÛ_ https://t.co/51pfEIlPNK,1,1,0,0,0,0,0,0
328,bleeding,,@Aichmomanic wraps a cloth on my wound but it's still bleeding 'I'll be ok.' Falls to the ground as if I'm going to die,1,1,0,0,0,0,0,0
345,blew%20up,,That stadium blew up!!,1,1,0,0,0,0,0,0
351,blight,"Cleveland, Ohio",Lots of talk of how susceptible NY2 is to shoot blight with or without trama. #WCFGT2015,1,1,0,0,0,0,0,0
352,blight,"Eldora, IA",Help fight Northern Corn Leaf Blight with Headline Amp https://t.co/LVoqPgkLI7,1,1,0,0,0,0,0,0
358,blight,,2:20 BLIGHT ?? EVERY DAY,1,1,0,0,0,0,0,0
363,blight,The other side of the mirror,"This is the Red Eye crossing the ocean
Peeling potatoes with servile devotion...

#BLIGHT!",1,1,0,0,0,0,0,0
364,blight,Metro Detroit,#Detroit has made progress against blight but too many burned out shells of houses remain.,1,1,0,0,0,0,0,0
373,blizzard,,@EddieTrunk Blizzard of Ozz,1,1,0,0,0,0,0,0
392,blood,,seeing more blood and surgery than a regular GP behind a desk and they say dentists aren't real doctors .... Ok,1,1,0,0,0,0,0,0
426,blown%20up,Australia,@bmrow At first thought it was a blown-up DVD as I'm pretty sure POST MORTEM had been years back.,1,1,0,0,0,0,0,0
431,body%20bag,,"#3682 Nikon D50 6.1 MP Digital SLR Camera Body 2 batteries carry bag and charger http://t.co/TeT9q0kXvl

$200.00
Û_ http://t.co/h3XgoxTFfi",1,1,0,0,0,0,0,0
436,body%20bag,,"#7294 Nikon D50 6.1 MP Digital SLR Camera Body 2 batteries carry bag and charger http://t.co/SL7PHqSGKV

$200.00
Û_ http://t.co/T4Qh2OM8Op",1,1,0,0,0,0,0,0
464,body%20bags,Yemen,RT Hamosh84: This how the #Saudi is coming home from #Yemen in body bags. For what? #Saudi Kingdom ego? You're looÛ_ http://t.co/LJlKWGXgjY,1,1,0,0,0,0,0,0
469,body%20bags,,Womens Flower Printed Shoulder Handbags Cross Body Metal Chain Satchel Bags Pink http://t.co/vBZqWzNxH7 http://t.co/NXIhHeP1Ea,1,1,0,0,0,0,0,0
480,bomb,"Long Beach, Dublin, Amsterdam",@johncusack text: We Dropped The A-Bomb (1946)https://t.co/boJCX32qcZ Û_,1,1,0,0,0,0,0,0
496,bombed,Birmingham.,#SitCTips if you do vlog you WILL get video-bombed.,1,1,0,0,0,0,0,0
523,bridge%20collapse,,Australia's Ashes disaster - how the collapse unfolded at Trent Bridge http://t.co/UqEtEeltVU #telegraph,0,0,1,1,1,1,1,1
526,buildings%20burning,"Liverpool, England",a very scary thought is if 9/11 had happened today their would be teenagers taking selfies in front of the burning buildings,0,0,1,1,1,1,1,1
541,buildings%20on%20fire,Wellington,"Jane Kelsey on the FIRE Economy
5th Aug 5:30ÛÒ7:30pm
Old Govt Buildings Wgton
The context &amp; the driver for #TPP and #TRADEinSERVICESAgreement",0,0,1,1,1,1,1,1
542,buildings%20on%20fire,"Mighty Tempe, Arizona",Failure doesnÛªt exist. ItÛªs only a change of direction' - Alejandro Jodorowsky (via buildings-on-fire) http://t.co/ByMVemW4xF,0,0,1,1,1,1,1,1
544,buildings%20on%20fire,?arsehole squad?,@blainescronuts thats what i would do if there were buildings on fire,0,0,1,1,1,1,1,1
546,buildings%20on%20fire,Fallen TX,It's a testimony to the human spirit that more of us don't set fire to our office buildings on Sunday night.,0,0,1,1,1,1,1,1
560,burned,557619,This is why you should be burned at the stake ! https://t.co/YpezipY2NY,1,1,0,0,0,0,0,0
561,burned,"Dallas, Texas",Let me tell you Brandace brought it today at #NTC! Heat and all...we survived! Burned over 500Û_ https://t.co/ILfd6wcGqg,1,1,0,0,0,0,0,0
579,burning,SoCal,@JanelleBrown117 YES! We are comrades in sweat-seeking calorie-burning cardio-torture! We need all the support we can get- smile nod wave,1,1,0,0,0,0,0,0
581,burning,Los Angeles/ Las Vegas/ Boston,@TheVenskus you led a killer workout today @TheSweatShoppe my core is burning. Now #gymtime #worktime #auditiontime #roccotime #noBS,1,1,0,0,0,0,0,0
583,burning,,Burning bridges is my forte!,1,1,0,0,0,0,0,0
588,burning,faisalabad,@TarekFatah you are burning in enemity of Pakistan .i m sure you will burn more and more,1,1,0,0,0,0,0,0
592,burning%20buildings,"Austin Texas, Ontario Canada",15 Amp is common 120V breaker trip threshold to protect 14 AWG wire (commonly used in buildings) from burning. 1800W power outlets results..,0,0,1,1,1,1,1,1
597,burning%20buildings,,Firefighters are some brave people in my opinion bc I clare I don't know I could save ppl from burning buildings and houses I salute them ???,0,0,1,1,1,1,1,1
599,burning%20buildings,,I liked a @YouTube video http://t.co/EYma5CRlHk Mega Man ZX OST - T17: Ogre Claw (Area G - Burning Buildings),0,0,1,1,1,1,1,1
610,bush%20fires,"Dubai, United Arab Emirates",[WATCH] Mother Nature halts Australia Blue Mountains bushfire http://t.co/xxA4rmFZ01,1,1,0,0,0,0,0,0
617,casualties,Ellixton London's 33rd Borough,Warfighting Robots Could Reduce Civilian Casualties So Calling for a Ban Now Is Premature http://t.co/yvYgTcAz7k,0,0,1,1,1,1,1,1
629,casualties,,Let's appreciate that the group of people that everyone hates so much the police prevented mass casualties today in Nashville.,0,0,1,1,1,1,1,1
636,casualty,,Georgian wines have become a casualty in Russia's political campaign against the Ukraine: http://t.co/wCo724AmPl,0,0,1,1,1,1,1,1
660,catastrophe,Portugal,Alaska's #Wolves face catastrophe Alexander #ArchipelagoWolves population plummeted 60% in 1 yr. Be their voice: http://t.co/vCpKdbnSfp,1,1,0,0,0,0,0,0
663,catastrophic,,Something Catastrophic Is Coming: Should We Tune Out? http://t.co/iTkCRpqgn0,0,0,1,1,1,1,1,1
670,catastrophic,"Seattle, WA","Dear @CarlyFiorina Will you or anyone in your family be alive in 2040?

#climatechange #GOPDebate 

http://t.co/j7Q2ySOMvR

#FeelTheBern",1,1,0,0,0,0,0,0
678,catastrophic,Edmonton,I suffered a catastrophic pants failure at work today. I resorted to tying my jacket around my waist til I got to a thrift store. #trustory,1,1,0,0,0,0,0,0
709,collapse,"Kampala, Uganda",Greece's tax revenues collapse as debt crisis continues http://t.co/V5yyzNGRBZ,0,0,1,1,1,1,1,1
712,collapse,"Leeds, England, United Kingdom",We all knew Cain wasn't going to die... It's either Val or someone is gonna collapse later on... #Emmerdale #SummerFate,1,1,0,0,0,0,0,0
719,collapse,Los Angeles,Technical Collapse -&gt; http://t.co/BfJB5H4tuW $WLB Down -3.43% to New Low http://t.co/cSXEKREDUg,1,1,0,0,0,0,0,0
723,collapse,"Paterson, New Jersey",Greece's tax revenues collapse as debt crisis continues: As talks continue over proposed âÂ86bn third bailout ... http://t.co/7w2WiEFjuq,0,0,1,1,1,1,1,1
727,collapsed,,I used to have a good time from June to about July 10th then my summer just collapsed smh,1,1,0,0,0,0,0,0
728,collapsed,"(queer, trans, he/him, black)",i remember when i was little and i didnt want to say the pledge and the school collapsed and pit to hell opened,1,1,0,0,0,0,0,0
729,collapsed,,But the ceiling and the walls collapsed. Upon the darkness I was trapped.,1,1,0,0,0,0,0,0
739,collide,"Conway, AR",We had a room full of people lifting up Collide in prayer!! We are so excited for Friday night!! http://t.co/645dYNAMy8,1,1,0,0,0,0,0,0
752,collide,INEQUITY IS INJUSTICE || NJ,Trump &amp; Bill Clinton collide in best conspiracy story ever http://t.co/ABkhBhNLOz via @motherjones TRUMP DEMOCRATIC PLANT? lmao #lastword,1,1,0,0,0,0,0,0
782,crash,The New Way To Surf!,Non-Power 5 Schools with Best Shot to Crash College Football Playoff http://t.co/Wj5EMRNkYi,0,0,1,1,1,1,1,1
796,crashed,Kentucky,@thomicks Isn't showing up for me. I think it crashed.,1,1,0,0,0,0,0,0
800,crashed,London,@PahandaBear @Nethaera Yup EU crashed too :P,1,1,0,0,0,0,0,0
805,crashed,USA,Website Malfunctioning? PHP Scripts not working? Database Crashed? Need a Unique Script? PHP PRO to the rescue! http://t.co/LadH9Oo086,1,1,0,0,0,0,0,0
807,crashed,Edinburgh/ West Yorkshire,The last few days have proven how popular the #BBC is. Over 9m watched Bake Off and iplayer crashed due to cricket commentary.,1,1,0,0,0,0,0,0
820,crush,"MNL, Philippines",omg I have a huge crush on her because of her looks. ... ÛÓ Not necessarily I dont think so! She is looks way be... http://t.co/xqmaTI4GI6,1,1,0,0,0,0,0,0
836,crushed,"Piscataway, NJ",@Brandon_Warne MLB has that ball at 462 feet. Absolutely crushed.,1,1,0,0,0,0,0,0
839,crushed,"Hodesto, Cuntlifornia",@Spicenthingsup wtf!? I can't. The love bit. I really think that's how she feels. Massive crush that got crushed.,1,1,0,0,0,0,0,0
840,curfew,Jammu Kashmir,@GhazalaBaji : Exactly! Curfew like situation when I sit with dad,1,1,0,0,0,0,0,0
841,curfew,"Lufkin.Texas,USA",Black African refugees in 'Israel' cannot attend Kenye West concert due to curfew for black refugees.. http://t.co/S0usjQYIJe,0,0,1,1,1,1,1,1
844,curfew,Ohio land of no sun,@CurfewBeagle @beaglefreedom Pretty Curfew!!!??,1,1,0,0,0,0,0,0
846,curfew,770 to Benedict College,everybody like fuck curfew.. and i'm sitting here like i'll be in bed by 12.,1,1,0,0,0,0,0,0
885,danger,"Trujillo, Peru",In my post today I talk about the dangers of interruptions. Do they annoy you?http://t.co/zh6AusFbwh,1,1,0,0,0,0,0,0
886,danger,,@TheElmagoo @GOPTeens @FoxNews @pattonoswalt anyone who actually plays that drinking game is in serious danger of alcohol poisoning,1,1,0,0,0,0,0,0
893,danger,"Brinscall, England",@unitedutilities not happy I received text now about #Parasite danger.I am a #transplantee &amp; #Virus can kill #kidney https://t.co/9AasSFrdP1,1,1,0,0,0,0,0,0
914,death,,@baeffee @RandomPelar the black death (black death whoo!),1,1,0,0,0,0,0,0
919,death,,@ITristonTyler CONFESSION when I was little I had a hamster and my room was so cold it froze to death!?? OOPS......,1,1,0,0,0,0,0,0
924,death,,A single death is a tradery many deaths is statistics.,1,1,0,0,0,0,0,0
929,deaths,In my baby with pie,@betrayedhunter reading he paused as he came across a couple of deaths and began to read deeper into it.,1,1,0,0,0,0,0,0
1003,demolished,????,It was finally demolished in the spring of 2013 and the property has sat vacant since. The justÛ_: saddlebrooke... http://t.co/7FOnHQtlyv,1,1,0,0,0,0,0,0
1013,demolished,India,Uttarakhand: Journalist's house demolished who exposed corruption - Oneindia http://t.co/Ro1aWWuDYE,1,1,0,0,0,0,0,0
1022,demolition,Ohio,Real-life 'Up' house set to be saved from demolition by charity http://t.co/rdD5Fe1qyJ,1,1,0,0,0,0,0,0
1030,demolition,"New York, New York",Demolition Means Progress: Flint Michigan and the Fate of the American Metropolis Highsmith https://t.co/fj7p8A1hvM,1,1,0,0,0,0,0,0
1032,demolition,,@Johnny_Detroit Tag Team for me was Demolition. Awesome intro song scary looking and just destroyed there opponents.,1,1,0,0,0,0,0,0
1035,demolition,,Photo: mothernaturenetwork: SeattleÛªs demolition-dodging Û÷UpÛª house to live on as affordable housing But... http://t.co/szG0HsNJEw,1,1,0,0,0,0,0,0
1038,derail,Road to the Billionaires Club,@ALESHABELL GM! I pray any attack of the enemy 2 derail ur destiny is blocked by the Lord &amp; that He floods ur life w/heavenly Blessings,1,1,0,0,0,0,0,0
1092,desolation,,desolation #bored,1,1,0,0,0,0,0,0
1118,destroyed,,Media stocks are getting destroyed (DIS FOXA CMCSA SNI AMCX VIAB VIA TWX) http://t.co/dQd3YtaZfG,1,1,0,0,0,0,0,0
1121,destroyed,USA,Black Eye 9: A space battle occurred at Star O784 involving 2 fleets totaling 3946 ships with 14 destroyed,1,1,0,0,0,0,0,0
1132,destroyed,"Dunedin, New Zealand",19000 homes destroyed in Gaza -- ZERO rebuilt. Join me in busting the blockade! Sign &amp; RT #Gaza #OpenGaza https://t.co/WF9GMhjh2M,1,1,0,0,0,0,0,0
1133,destroyed,norton,@kaytlinmartinez dude those enormous blizzards we destroyed from DQ ??,1,1,0,0,0,0,0,0
1155,detonate,,"Apollo Brown - Detonate (ft. M.O.P.) [Single] http://t.co/S5mU04L2rl
@ApolloBrown",1,1,0,0,0,0,0,0
1169,detonation,,Ignition Knock (Detonation) Sensor-KNOCK SENSOR Delphi AS10012 http://t.co/LArrNhoBsN http://t.co/6YwZWmxFDP,1,1,0,0,0,0,0,0
1172,detonation,,Detonation fashionable mountaineering electronic watch water-resistant couples leisure tabÛ_ http://t.co/GH48B54riS http://t.co/2PqTm06Lid,1,1,0,0,0,0,0,0
1174,detonation,,Detonation fashionable mountaineering electronic watch water-resistant couples leisure tabÛ_ http://t.co/RqOvPljpse http://t.co/UhKwVSoWSt,1,1,0,0,0,0,0,0
1187,devastated,dam squad 4 lyf,VAL JUST DIED AND IM ABSOLUTELY DEVASTATED #emmerdale,1,1,0,0,0,0,0,0
1206,devastation,"los angeles, ca",My father walked through the devastation the day after and refuses to speak about it to this day https://t.co/oFu6DANJZC,1,1,0,0,0,0,0,0
1225,disaster,Ottawa,Harper gets sassed by Albertans after calling NDP government a Û÷disaster' http://t.co/vsMOJyfzDg via @huffpostalberta #HarperBlamesAlbertans,0,0,1,1,1,1,1,1
1237,displaced,,Angry Woman Openly Accuses NEMA Of Stealing Relief Materials Meant For IDPs: An angry Internally Displaced woman... http://t.co/C1vzJOr2qz,1,1,0,0,0,0,0,0
1240,displaced,NYC,It's crazy how far in advance you feel the air displaced by a subway car before the train itself shows up.,0,0,1,1,1,1,1,1
1247,drought,"Beaumont, Texas",Drought report lists SE Texas as 'abnormally dry' http://t.co/wBOXpyoZj0 #SETXNews,0,0,1,1,1,1,1,1
1258,drought,"San Francisco, CA",@jonbuda What if the drought is just a giant marketing campaign for Star Wars where they turn California into Tattooine?,0,0,1,1,1,1,1,1
1274,drown,"Austin, TX",absolute drown your Wagyu steak in heaping piles of moist Smuckers Grape Jam,1,1,0,0,0,0,0,0
1275,drown,"BogotÃÃ, Colombia",Drown me you make my heart beat like the rain.,1,1,0,0,0,0,0,0
1291,drowning,"Johnstown, NY",Having such a hard time with everything im drowning literally,1,1,0,0,0,0,0,0
1292,drowning,,Boy saves autistic brother from drowning: A nine-year-old in Maine dove into a pool to save his autistic broth... http://t.co/pihUIaOR5O,0,0,1,1,1,1,1,1
1294,drowning,Doo Doo Boy Island,If you told me you was drowning. I would not lend a hand!,1,1,0,0,0,0,0,0
1295,drowning,"Morioh, Japan",@TinyJecht Those eyes.. desperate like a mouse drowning in a septic tank.,1,1,0,0,0,0,0,0
1297,drowning,,I have the experience performing cpr on a actual drowning victim.,1,1,0,0,0,0,0,0
1305,drowning,"Pico Rivera, CA",Drowning doesn't sound half bad rn,1,1,0,0,0,0,0,0
1310,dust%20storm,,recent project (Dust Storm ). :) http://t.co/jmj9izVvzO,0,0,1,1,1,1,1,1
1315,dust%20storm,San Francisco,@whatupdave Headline in 2075 'Dust Storm on Mars Destroys 1% of Money Supply',0,0,1,1,1,1,1,1
1318,dust%20storm,"Jeddah, Makkah Al Mukarrama",No storm lasts forever the dust must settle truth will prevail. http://t.co/1cjyfY8iXj,0,0,1,1,1,1,1,1
1325,earthquake,Rocky Mountains Colorado,Manuscript suspiciously rejected by Earthquake Science Journal could rock your world https://t.co/6vBQEwsl1J viaYouTube,0,0,1,1,1,1,1,1
1331,earthquake,San Bernardo - Chile,#SISMO ML 2.0 SICILY ITALY http://t.co/vsWivoDCkL,1,1,0,0,0,0,0,0
1346,electrocute,"Metro, Lampung ~ Balikpapan",#KCA #VoteJKT48ID JoelHeyman: My loose understanding is: @ 750k subs AH will electrocute then eat Michael. Don't want 2 influence anythinÛ_,1,1,0,0,0,0,0,0
1368,emergency,,11000 SEEDS 30 VEGETABLE FRUIT VARIETY GARDEN KIT EMERGENCY SURVIVAL GEAR MRE - Full reaÛ_ http://t.co/VE78djgHa5 http://t.co/ugubwRPQFP,1,1,0,0,0,0,0,0
1377,emergency,"Cincinnati, OH",Emergency hop kit? ;) jk https://t.co/MkbQ2YE4Wq,1,1,0,0,0,0,0,0
1379,emergency%20plan,"Calgary, Canada",Municipal Emergency Plan deactivated! Crisis averted. https://t.co/37L4qUAAVu,0,0,1,1,1,1,1,1
1381,emergency%20plan,,"119 Sri Lanka's 'Emergency' Line. 
Busy for the past 30 mins. 
Suppose I need to plan my emergencies better. #SL #RT",1,1,0,0,0,0,0,0
1387,emergency%20plan,,Do you have an emergency drinking water plan? Download guide in English Spanish French Arabic or Vietnamese. http://t.co/S0ktilisKq,1,1,0,0,0,0,0,0
1428,evacuate,HEAVEN,SALHA(1):HARRY STYLES(2)U KNOW WHERE IS UR P_EOPLE#HURRY#EVACUATE THEM FROM#HELL.#JUST SHAHADA&amp;'PICK#ME'.#CLASS_SICK http://t.co/UpdDVr6jva,1,1,0,0,0,0,0,0
1458,evacuation,Brisbane,Evacuation drill at work. The fire doors wouldn't open so i got to smash the emergency release glass #feelingmanly,1,1,0,0,0,0,0,0
1464,explode,"Pea Ridge, WV",@wyattmccab you'd throw a can of Copenhagen wintergreen on the ground that would explode on your enemies and give them mouth cancer,1,1,0,0,0,0,0,0
1472,explode,,im sooooooo full my stomach is going to explode,1,1,0,0,0,0,0,0
1480,exploded,"ÃÃT: 39.168519,-119.766123",Holy hell the bathroom on car 649 smells like is exploded... @Metrolink,1,1,0,0,0,0,0,0
1481,exploded,Ittihad .f.c,"that exploded &amp; brought about the
beginning of universe matches what's
mentioned in the versethe heaven and Earth
(thus the universe)",1,1,0,0,0,0,0,0
1482,exploded,,Our electricity just fucking exploded they're trying to fix it now,1,1,0,0,0,0,0,0
1483,exploded,"Detroit, Michigan",I didn't even know pens still exploded like that...ink everywhere,1,1,0,0,0,0,0,0
1486,exploded,Canaduh,I can't take advantage of Smith Micro's deals right now because exploded car (hint hint shironu_akaineko AT... http://t.co/qbCTxPwhYP,1,1,0,0,0,0,0,0
1514,eyewitness,Land of the Free,With all due respect @RepMikeRogersAL y would u completely disregard ALL eyewitness accounts on Benghazi? #WereNotGruberVoters. #PJNet,1,1,0,0,0,0,0,0
1527,famine,"Brooklyn, New York",So shameful and tragic.. http://t.co/5p1e40qkGV,1,1,0,0,0,0,0,0
1546,fatalities,,Las Vegas in top 5 cities for red-light running fatalities - News3LV http://t.co/rEt82MdQnG,1,1,0,0,0,0,0,0
1553,fatality,,Flourishing sleigh bell an toothsome transit fatality: oNrhPz http://t.co/gB4W3T7b3T,1,1,0,0,0,0,0,0
1560,fatality,Planet Earth (mainly) #Neuland,. @paulrogers002 Many #cancers which had a very high fatality rate 30 years ago kill a lot less today. #Oncology has achieved a lot.,1,1,0,0,0,0,0,0
1563,fear,"Amos,Quebec,Canada",@Dat_Vi fear of the unknown eh.,1,1,0,0,0,0,0,0
1585,fire%20truck,NY,Tractor-trailers collide on NJ Turnpike å_ 42 http://t.co/OTEXyh79J8 http://t.co/MLZG4l0xnL,1,1,0,0,0,0,0,0
1589,fire%20truck,New York,Ltd Toy Stamp &amp; Vintage Tonka TFD No 5 Pressed Steel Pumper Fire Truck - Full read by eBay http://t.co/hTvyEnXCBS http://t.co/xSvPzxYRe3,1,1,0,0,0,0,0,0
1592,fire%20truck,"Queens, New York",@dmon2112 @C_T_Morgan but the fire rings of NYC permits I'd have to jump through for a food truck don't make it appealing,0,0,1,1,1,1,1,1
1606,first%20responders,,First responders tell me he is lucky.... had someone riding with him today. http://t.co/jc16CZn0NC,1,1,0,0,0,0,0,0
1618,first%20responders,,Allergan Kicks off REFRESH AMERICA Program to Supply First Responders With Free Eye Drops http://t.co/0OjKuLqO5I http://t.co/wkmcPmCtgu,1,1,0,0,0,0,0,0
1620,first%20responders,Nevada,Every time I get on the news I see more sadness and needless death. To all my first responders still on shift tonight go home safe. ??????????,1,1,0,0,0,0,0,0
1623,flames,,flames everywhere ???? https://t.co/cG9GAkbPta,1,1,0,0,0,0,0,0
1645,flattened,San Diego,Flattened via IDEAS IN FOOD - A cheesecake brownie does not always have the aesthetic we are ... http://t.co/oRSmW5Airj,1,1,0,0,0,0,0,0
1650,flood,New York,Spot Flood Combo 53inch 300W Curved Cree LED Work Light Bar 4X4 Offroad Fog Lamp - Full reÛ_ http://t.co/E6BnWxFtkb http://t.co/Ww2uVHRy89,1,1,0,0,0,0,0,0
1655,flood,New York,2pcs 18W CREE Led Work Light Offroad Lamp Car Truck Boat Mining 4WD FLOOD BEAM - Full reaÛ_ http://t.co/0AIV5KhZjv http://t.co/q6HHZbFxCv,1,1,0,0,0,0,0,0
1660,flood,New York,12' 72W CREE LED Work Light Bar Alloy Spot Flood Combo Diving Offroad 4WD Boat - Full readÛ_ http://t.co/8Mk9TD4RRL http://t.co/W20rH3Ai9J,1,1,0,0,0,0,0,0
1663,flood,New York,12' 72W CREE LED Work Light Bar Alloy Spot Flood Combo Diving Offroad 4WD Boat - Full readÛ_ http://t.co/EBJz2MxLr3 http://t.co/jvVD8smJMw,1,1,0,0,0,0,0,0
1670,flooding,,Nigeria warned against massiveåÊflooding http://t.co/CofH4khFsD http://t.co/m0fLpPxIlg,1,1,0,0,0,0,0,0
1698,forest%20fires,Babylon Up-On Hudson,#ERROR!,0,0,1,1,1,1,1,1
1708,forest%20fires,"Kruibeke, BelgiÃÃ",People come and go. Some are cigarette breaks others are forest fires.',0,0,1,1,1,1,1,1
1719,hail,Qwuank,Which version of All Hail Shadow you do you like more Magna-Fi's or Crush 40's? ÛÓ Crush 40s. http://t.co/oGs6d0p3RB,1,1,0,0,0,0,0,0
1726,hail,Ontario CA,i survived what you tried to destroy you're not a man just a boy,1,1,0,0,0,0,0,0
1730,hailstorm,Washington State,We The Free Hailstorm Maxi http://t.co/Cnn1nXXNwc,0,0,1,1,1,1,1,1
1732,hailstorm,"Calgary, Alberta, Canada",#yyc #hailstorm #christmas came early https://t.co/f0A2IIzx3A,0,0,1,1,1,1,1,1
1753,harm,"Melbourne, Australia",@Norcinu @TheBodyShopAust @thomaldo tiny plastic beads used in cosmetics (scrubs toothpaste) doing great harm to aquatic ecosystems.,1,1,0,0,0,0,0,0
1762,hazard,,OEM 2001 Volvo XC70 Center Dashboard Hazard Lamps Control Switch w/Vent Panel http://t.co/VXixYcbbtH http://t.co/HSDonZ49hd,1,1,0,0,0,0,0,0
1763,hazard,,"@fplhints hazard depay ozil Ritchie .
Should I go with 3 crazy strikers or 4 midfielders ? #fplboss",1,1,0,0,0,0,0,0
1786,hazardous,Planet Earth,Skinny Jeans are Hazardous for Your Health! http://t.co/TVdvP7VdAs,0,0,1,1,1,1,1,1
1787,heat%20wave,"Brooklyn, NY","I added some dumb ideas to beat the #summer heat cheaply
http://t.co/jatxpAFvA9 @brokelyn #brokelynati",1,1,0,0,0,0,0,0
1789,heat%20wave,"San Francisco, CA",@CrawliesWithCri @Rob0Sullivan What do they consider 'heat'? When I lived in London they thought a 'heat wave' was like 25C hahaha,0,0,1,1,1,1,1,1
1798,heat%20wave,,@facilitydude shares how to handle the heat and keep your cool http://t.co/ekEd6BulsZ #facilitiesmanagement,1,1,0,0,0,0,0,0
1805,hellfire,,Hellfire is surrounded by desires so be careful and donÛªt let your desires control you! #Afterlife,1,1,0,0,0,0,0,0
1814,hijack,Out and about,"APC needs to watch all these PDP defecting to APC 

Patience Jonathan On The Move To Hijack APC In Bayelsa State http://t.co/zzMwIebuci",0,0,1,1,1,1,1,1
1815,hijack,,Himika Amase is the only prophet in the world who foresaw 'hijack in March' as it was on her Jps Twitter in Feb 2014. malyasiaairlines. ???,1,1,0,0,0,0,0,0
1821,hijack,UK & Oversees,Chrysler Jeep wirelessly hacked over internet to hijack steering brakes and transmission face lawsuit - should all consider #ISO27001,1,1,0,0,0,0,0,0
1839,hijacker,,@JagexSupport can u remove the email of the hijacker pls !! YKJL is my ign. i need to recover but pls block so they dont break bank pin!,1,1,0,0,0,0,0,0
1847,hijacking,,#hot Funtenna: hijacking computers to send data as sound waves [Black Hat 2015] http://t.co/EZ1TpCzJzo #prebreak #best,1,1,0,0,0,0,0,0
1857,hijacking,,MomentsAtHill everyone hijacking NuNus and timas bikes ????,1,1,0,0,0,0,0,0
1858,hijacking,Maryland,But is feast.dll still vulnerable to DLL hijacking? https://t.co/3vaig1PtYk https://t.co/BZDNKpOry1,1,1,0,0,0,0,0,0
1859,hijacking,http://wingssilverwork.com,@ReasonVsFear 'One?' Oh nonononono. This hijacking's been going on forever but I've seen it about a dozen diff places today alone.,1,1,0,0,0,0,0,0
1864,hostage,U.S.A. - Global Members Site,Who is Tomislav Salopek the Islamic State's Most Recent Hostage? http://t.co/puT3LgsDnf,1,1,0,0,0,0,0,0
1867,hostage,way way way up ??,Ya kisses hold me hostage &amp; I don't wanna stop it. I only wanna give it to you,1,1,0,0,0,0,0,0
1871,hostage,"Long Island, New York",Concealed Carrier Rescues Hostage Captures Naked Attacker http://t.co/uLy5hM6PqR,1,1,0,0,0,0,0,0
1876,hostage,Niels Groeneveld / RedSocks,Bit-Defender hack ÛÒ Held Hostage!: Late last week it was discovered that antivirus vendor ... http://t.co/2vC8CSTWy5 #damballa #infosec,1,1,0,0,0,0,0,0
1901,hurricane,melbs 1/2 #rham,"Would you blow me kisses
If I kept my distance?
Would you send a hurricane
As proof of your existence?",1,1,0,0,0,0,0,0
1905,hurricane,MS,Happy birthday bro ?? @Hurricane_Dolce,1,1,0,0,0,0,0,0
1926,injuries,"Glendale, AZ",8/5 Arizona Cardinals news: Jaron Brown makes headlines minor injuries continue to build http://t.co/QxKncvlrh1 http://t.co/KJnhNPMxGr,1,1,0,0,0,0,0,0
1930,injuries,"San Francisco, CA",San Francisco 0 I80 E **Hit and Run No Injuries** http://t.co/lp9TBu7KzH,1,1,0,0,0,0,0,0
1932,injuries,Covering the U.S.A.,#BreakingNews Mva / Multiple Injuries - Saint Petersburg FL: E7 requesting R7 &amp; 2 sunstar units for injuriesÛ_ http://t.co/0XRysEpQhL,1,1,0,0,0,0,0,0
1934,injuries,"Phoenix, AZ",Let's be thankful most of these injuries are minor &amp; it's still camp. Relax a little #birdgang. No one is cursed &amp; no injury bug hit.,1,1,0,0,0,0,0,0
1944,injury,,Ankle injury to keep SpursÛª Marjanovic out of Eurobasket http://t.co/UBCggEHqyN #spurs #NBA,1,1,0,0,0,0,0,0
1945,injury,,nflweek1picks: Michael Floyd's hand injury shouldn't devalue his fantasy stock: Michael Floyd's damaged digits won... Û_,1,1,0,0,0,0,0,0
1964,inundated,,@Rossifumibhai @alexeeles all 6 of them?! As you can see from the pic they were clearly inundated. Good try though,1,1,0,0,0,0,0,0
1966,inundated,That London,.@38_degrees Hello. I have been inundated by people Tweeting me about some Unilever thing in India I know nothing about.,1,1,0,0,0,0,0,0
1971,landslide,Wickford,@R_o_M by a landslide.,1,1,0,0,0,0,0,0
1975,landslide,,@kdudakia I get that there has been a massive turn away from Labour but that does not = electoral landslide. Credits tories too much and...,1,1,0,0,0,0,0,0
1978,landslide,"Louisville, KY",Artifacts found in southern Indiana landslide near Horseshoe Casino http://t.co/BdB0NpgPkH http://t.co/jbCC0KShol,0,0,1,1,1,1,1,1
1983,landslide,,omg it is I can go in dungeons with Landslide Krag now &lt;3,1,1,0,0,0,0,0,0
2010,lightning,,Southeast Regional is in a lightning delay. Buckle up folks this is gonna take awhile.,1,1,0,0,0,0,0,0
2012,lightning,,Lightning express golf trolleys fix ramify pretty much multitudinal areas on thine disposed: kWXGgt,1,1,0,0,0,0,0,0
2021,loud%20bang,"Nashville, Tenn.",Soon to be loud bang as backpack detonated.,1,1,0,0,0,0,0,0
2025,loud%20bang,Kenya,kiilud: Breaking news! Unconfirmed! I just heard a loud bang nearby. in what appears to be a blast of wind from my neighbour's ass.,1,1,0,0,0,0,0,0
2032,loud%20bang,,Man Hears a Loud 'Bang' Finds a Newborn Baby in a Dumpster http://t.co/W815ol0mBV via @ijreview,1,1,0,0,0,0,0,0
2037,mass%20murder,"Detroit, Mi",@AMAAS @JD_marsh22 just carry a gun. No way you get charged when you stop a mass murder,0,0,1,1,1,1,1,1
2038,mass%20murder,,Candlelight vigil at my house tonight for the victims of the mass ant murder (by me) in my bathroom sink. There will be snacks.,0,0,1,1,1,1,1,1
2040,mass%20murder,,@noah_anyname Socialism means mass murder. Houze that for 'correlation'?,0,0,1,1,1,1,1,1
2048,mass%20murder,Anonymous,http://t.co/FhI4qBpwFH @FredOlsenCruise Please take the #FaroeIslands off your itinerary until the mass murder of dolphins &amp; whales stops.,0,0,1,1,1,1,1,1
2056,mass%20murderer,Pedophilia,RT EmekaGift: VPSay NO to President Obama hosting Muhammadu Buhari the #pedophile #terrorist &amp; #mass-murderer,0,0,1,1,1,1,1,1
2060,mass%20murderer,Still on my laptop,This is worth a re-read: 'A MASS-MURDERER' By Stuart Syvret http://t.co/C9UAyjrXt9 via @gojam_i_am,0,0,1,1,1,1,1,1
2111,meltdown,"St. Catherine, Jamaica, W.I.",CommoditiesåÊAre Crashing Like It's 2008 All Over Again http://t.co/EM1cN7alGk,1,1,0,0,0,0,0,0
2113,meltdown,"Tuksa, OK",@ChelseaVPeretti's bit on @meltdown_show was also gold.,1,1,0,0,0,0,0,0
2117,meltdown,"West Coast, Canada","Byproduct of #metal price meltdown is a higher #silver price
http://t.co/KBC2Ax8Zl9",1,1,0,0,0,0,0,0
2122,military,,Texian Iliad: A Military History of the Texas Revolution by Hardin Stephen L. http://t.co/RrIDS0mrJ1 http://t.co/wybtUk7LbG,1,1,0,0,0,0,0,0
2129,military,,@SocialJerkBlog My husband was in the military and he does that. It ends up in seat shuffling sometimes. ;),1,1,0,0,0,0,0,0
2150,natural%20disaster,Nepal,#Nepal Magnitude 4.3 tremor rattles #Dolakha as #aftershock counts 367 | Recent Natural Disasters : http://t.co/Re1d5ffcSx,1,1,0,0,0,0,0,0
2155,natural%20disaster,Canberra (mostly),Does more trust = more giving? Natural disaster yes - regular giving - maybe! | Pro Bono Australia https://t.co/rXG0BvBBuS via @ProBonoNews,0,0,1,1,1,1,1,1
2179,nuclear%20disaster,VA,@Lacci Yes it's a disaster. To shut down all nuclear power plants would be to reverse ALL the gains from renewables so far.,0,0,1,1,1,1,1,1
2182,nuclear%20reactor,,"Nuclear-Deal: Indo-Japan pact lies at the heart of two US reactor-based projects - The Indian Express 

Read more... http://t.co/FMxmNNRDFe",0,0,1,1,1,1,1,1
2186,nuclear%20reactor,,#NuclearPower Global Nuclear Reactor Construction Market grew 4.5% between 2013 and 2014: Û_ Nuclear Reactor Co... http://t.co/BXPjjeQDrG,0,0,1,1,1,1,1,1
2193,nuclear%20reactor,"Lemon Grove, CA","http://t.co/N6Semm2M6i

SAN ONOFRE NUCLEAR REACTOR WASTE TO BE BURIED UNDER SHORELINE USING 3 BILLION IN TAX PAYER DOLLARS",0,0,1,1,1,1,1,1
2195,obliterate,USA,Watch Sarah Palin OBLITERATE Planned Parenthood For Targeting Minority Women! ÛÒ BB4SP http://t.co/JWfAAu1my5,0,0,1,1,1,1,1,1
2196,obliterate,"Cape Coral, FL USA",It is insanity to call Climate Change more dangerous than Muslims wanting to obliterate America and Israel. https://t.co/aA6S66huXh,0,0,1,1,1,1,1,1
2211,obliterate,United Kingdom,@Wadeycakes @ThunderCastTV you're right Thunder would obliterate you #HEYOOO,1,1,0,0,0,0,0,0
2219,obliterated,"Calgary, Alberta",@dinnerwithjulie because its been obliterated?,1,1,0,0,0,0,0,0
2244,obliteration,U.S.A.,[Chaos dancing in the streets | Why did God order obliteration of ancient Canaanites?] http://t.co/P7DLX1wFmC via @Michael_0000,1,1,0,0,0,0,0,0
2248,obliteration,Virginia (USA),@KDonhoops Sure! Meek Mill accused Drake of not writing his own raps. Drake responds w/ obliteration of Meek's career. #OldFolkExplainStuff,1,1,0,0,0,0,0,0
2285,pandemonium,,I'll be at SFA very soon....#Pandemonium http://t.co/LC1cMx1mPb,1,1,0,0,0,0,0,0
2286,pandemonium,"Durham, NC",The move Saturday --&gt; #Mirage! 400 N. West st. Raleigh NC 21+ http://t.co/bXdaTWjNHS Tickets at: http://t.co/7hAnPcr5rK,1,1,0,0,0,0,0,0
2287,pandemonium,Nigeria|| Lagos,Pandemonium In Aba As Woman Delivers Baby Without Face (Photos): According to eye witnesses in Ogbor Hill in A... http://t.co/lJYIG8RBOQ,1,1,0,0,0,0,0,0
2291,panic,Louisiana the real La,"Tried 2 4get
Feelings of death
Invading panic spawns
Can't concentrate
No 1 relates
Stealing all the light
Spreading thin a soul in sections",1,1,0,0,0,0,0,0
2315,panicking,Bedford,@milefromhome ??.. Don't.. I'm panicking..,1,1,0,0,0,0,0,0
2327,police,Nigeria,Now Trending in Nigeria: Police charge traditional ruler others with informantÛªs murder http://t.co/DQhpm4A5qY,0,0,1,1,1,1,1,1
2330,police,,?? #Police Gents Dart #Watch Stainless Steel Bracelet and White Dial + Gift Box http://t.co/jM85C2uXQY http://t.co/SRogObPiiv,0,0,1,1,1,1,1,1
2331,quarantine,mumbai,chickmt123: #letsFootball #atk WIRED : Reddit will now quarantine offensive content http://t.co/wvn6GrIyPq (httpÛ_ http://t.co/pgIHchdURJ,1,1,0,0,0,0,0,0
2338,quarantine,San Jose,Reddit Will Now Quarantine Offensive Content &gt;&gt; http://t.co/WcIzstXk4f,1,1,0,0,0,0,0,0
2339,quarantine,"New Jersey, USA",Reddit Will Now Quarantine Offensive Content http://t.co/KDc97PrQcc,1,1,0,0,0,0,0,0
2342,quarantine,"Johnson County, Kansas",Metal detectors protect public places from guns. Why not mental illness detectors to stop crazy shooters? And quarantine weirdos w/weapons..,1,1,0,0,0,0,0,0
2356,quarantined,someplace safe,@famoushorse they haven't applied bans consistently. The Jew hating sub is only 'quarantined',1,1,0,0,0,0,0,0
2363,radiation%20emergency,Morganton GA,On 7/30/2015 Radiation council of Japanese government admitted the reform bill to raise the dose limit from 100... http://t.co/6bTeSV9CdM,0,0,1,1,1,1,1,1
2365,rainstorm,nipple squad makes me happy,DOES ANYONE REMEMBER WHEN 5SOS CAME W 1D ON THE TMH TOUR WE HAD A GIANT RAINSTORM AND LAST NIGHT WE HAD ONE ALSO. @5SOS STOP BRINING RAIN,1,1,0,0,0,0,0,0
2366,rainstorm,,Another fun night. My daughter gets a flat tire on her car. Calls and doesn't know how to change it. Worst rainstorm all year. Now she knows,1,1,0,0,0,0,0,0
2374,rainstorm,"Memphis, TN",driving home after a fairly large rainstorm makes me wonder how some of y'all manage to drive when it's dry out,1,1,0,0,0,0,0,0
2377,rainstorm,"Calgary, Alberta",@WerdEmUp It's already been messed up thanks to an earlier rainstorm. Needs to go in for maintenance anyway.,1,1,0,0,0,0,0,0
2378,rainstorm,"Banner Elk, NC",Welcome to Avery County! Just your everyday rainstorm. https://t.co/0Lw6GyeAgB,1,1,0,0,0,0,0,0
2380,rainstorm,South East Florida,@SavanahResnik @CBS12 I would hide out at the Coldstone at monterrey and us 1. Great place to wait out a rainstorm.,1,1,0,0,0,0,0,0
2396,refugees,Kansas KS,imagine an entire aisle dedicated to making people look like serbian refugees.' - director of whole foods clothing section,1,1,0,0,0,0,0,0
2401,refugees,Hannover,Top story: @ViralSpell: 'Couple spend wedding day feeding 4000 Syrian refugeesÛ_ http://t.co/5lMo710D5f see more http://t.co/G9LREAlToJ,1,1,0,0,0,0,0,0
2418,rescue,USA,Beauty Deals : http://t.co/eUd317Eptp #4552 Lot of 50Mixed Colors 7.5' Scissors FirstAid Princess Care Rescue TrÛ_ http://t.co/mAHkV79SmW,1,1,0,0,0,0,0,0
2428,rescued,Niger State,Three suspects in police net for kidnapping &amp; trafficking a 4month old Baby from Kontagora to Aba# Baby rescued alive.,0,0,1,1,1,1,1,1
2460,riot,San Francisco,@Riot_Sweet @jfwong @MtgoDoc @JoshLeeKwai wait.. what dates?? ill be at MSG and PAX =(,1,1,0,0,0,0,0,0
2461,riot,,#ModiMinistry Stuart Broad Takes Eight Before Joe Root Runs Riot Against Aussies http://t.co/rc22r1xlIs,1,1,0,0,0,0,0,0
2462,riot,#sundaunited,I'm Role Play of Ulzzang Park Hyung Seok. 92 Liners. Be bleased with me. I'll do the same.,1,1,0,0,0,0,0,0
2479,rioting,"Dublin, Ireland",.@runjewels appear in a new video by @BBC defending the riots in Ferguson: http://t.co/veh1seVDKO http://t.co/h2GziEfJXt,1,1,0,0,0,0,0,0
2490,rubble,Los Angeles,ChinaÛªs e-commerce firms Alibaba (BABA) Tencent http://t.co/7VcChEIC5g (JD) are still growing revenue at 40% http://t.co/GQgE7weM3W,1,1,0,0,0,0,0,0
2558,screaming,Texas,"@LordMinion777 *screaming* i can't go!!!
:(",1,1,0,0,0,0,0,0
2588,seismic,,#Fukushima still is not controlled &amp; #seismic retrofitting for other #reactors is a BIG issue @fukushima_actu http://t.co/lCDkTEOukj,1,1,0,0,0,0,0,0
2600,sinkhole,mombasa,"Sinkhole Selfies: You Wont Believe What's In The Brooklyn Sinkhole!: 
Sinkhole Selfies: You Wont Belie... http://t.co/OFEbaKatNh",1,1,0,0,0,0,0,0
2608,sinking,University of Oklahoma,"If you're lost and alone
Or you're sinking like a stone.
Carry on
May your past be the sound
Of your feet upon the ground",1,1,0,0,0,0,0,0
2613,sinking,Kano,that horrible sinking feeling when youÛªve been at home on your phone for a while and you realise its been on 3G this whole time',1,1,0,0,0,0,0,0
2635,sirens,62,I'm falling to pieces and I won't be whole until you let me in ? Heroine by Sleeping With Sirens ÛÓ https://t.co/tQxLQUKq7z,1,1,0,0,0,0,0,0
2636,sirens,,I was walking past the fire house today &amp; as soon as I walk by the doors they get call and flip the sirens on. I've never ran so fast.,1,1,0,0,0,0,0,0
2643,sirens,Moreno City - Buenos Aires,Hear the Sirens ?,1,1,0,0,0,0,0,0
2649,smoke,Roseland,@wizkhalifa smoke ??so much you don't gotta do shit but light?? one of his locks on fire ...that's like a whole tre five right there.,1,1,0,0,0,0,0,0
2656,smoke,,I'm not asking no fee to smoke sumn if we ain't smoking out a ounce that's disrespectful,1,1,0,0,0,0,0,0
2657,smoke,bliss,Send me flying off a cliff straight through the smoke of my spliff,1,1,0,0,0,0,0,0
2664,snowstorm,madrid,you're my snowstorm baby ??,1,1,0,0,0,0,0,0
2667,snowstorm,"Massachusetts, USA",@Lily_Bell82 ya...summer is too short. Open toed shoes arent snowstorm friendly.,1,1,0,0,0,0,0,0
2668,snowstorm,"Philadelphia, PA",It's creepy seeing 676 closed. It was closed during a snowstorm and my balcony overlooked the 676/76 overpass. Very eerie,1,1,0,0,0,0,0,0
2671,snowstorm,"Mesa, AZ",That organic freestyle with Casey veggies is cold as an ice cream cone in a Iceland snowstorm,1,1,0,0,0,0,0,0
2673,snowstorm,"Saint John, N.B, Canada",@erincandy Hr/15 mins for me in that place. During a snowstormI was pissed lol We got oil delivered to them on snowmobiles in the end,1,1,0,0,0,0,0,0
2674,snowstorm,"Huntington, WV",A snowstorm is brewing over my desk &amp; hands are NUMB.. @irishirr - I'm guessing you adjusted thermostat? :/ @WSAZ_Brittany @kellyannwx #WSAZ,1,1,0,0,0,0,0,0
2675,snowstorm,,Long Island is technically the leftover dirt from a snowstorm and thats a geologic fact. That place is terrible.,1,1,0,0,0,0,0,0
2679,snowstorm,Northeast United States,RT @WhistlerBlckcmb: One more #SnowBackSunday share: Snowstorm on the Glacier July 26 2015! via @momentumcamps http://t.co/JohKyMv9El,1,1,0,0,0,0,0,0
2691,storm,USA,IGN: A Warcraft 3-inspired mode is likely coming to Heroes of the Storm http://t.co/2qVgImRo0R http://t.co/VTRoCiHSne,1,1,0,0,0,0,0,0
2692,storm,,Another next day #ThrowbackThursday of Kinky Kristy and @KyleSalive rehearsing up a storm! #DoingHashtagsRight http://t.co/UJ9hxUg7QS,0,0,1,1,1,1,1,1
2699,stretcher,Florida,Renewing Your Kitchen Cabinets for $100 http://t.co/lYs6p5BmDL http://t.co/ELfzsRGxRo,1,1,0,0,0,0,0,0
2709,stretcher,"Utica , New York (Upstate)",I was there to see @JimmieJohnson wreck in 2000 in person. My first thought was he's leaving on a stretcher!,1,1,0,0,0,0,0,0
2711,stretcher,?????,Stretcher in 5 min https://t.co/DIWLBiaHvP,1,1,0,0,0,0,0,0
2715,stretcher,St.Louis,Throat stretcher http://t.co/vkThHbOQjs,1,1,0,0,0,0,0,0
2721,structural%20failure,Asia,Building structural integrity &amp; failure: problems inspections damages defects testing repair | Rightways https://t.co/a1KN4U3YuA,1,1,0,0,0,0,0,0
2765,suicide%20bombing,,Career goals ?? try not to cause a suicide bombing or raise psychos that like blowing shit up!,0,0,1,1,1,1,1,1
2776,suicide%20bombing,"philadelphia, pa",@mehdirhasan percentages of young Muslims who believe suicide bombing is justified per pew research: 35% Britain 42% France 29% Spain,0,0,1,1,1,1,1,1
2779,suicide%20bombing,"Los Angeles, CA",@61_alvin @Craigyb74 @nomar4eva @Shahasda80 @wherepond @trensabby @parallelpond the wall Israel erected has stopped suicide bombing?,0,0,1,1,1,1,1,1
2827,survived,Cardiff,Trapped a bee in my shoe only one of us survived I just ran 0.15 mi @ a 13'46'' pace with Nike+. http://t.co/IbG4ynJsw8 #nikeplus,1,1,0,0,0,0,0,0
2835,survivors,Orlando,#orlando Survivors of Shanghai Ghetto reunite after 70 years http://t.co/f8pE52ZeyX,1,1,0,0,0,0,0,0
2850,terrorism,london,Judges considering fate of children as young as two amid radicalisation fears http://t.co/EgWU4mJV0a,0,0,1,1,1,1,1,1
2854,terrorism,Citizen of the World,Combating #fear of #terrorismturn off your tv &amp;Veterans For Peace Calls 4 an End 2 #NATO #VFP http://t.co/YPPG4kZIpS http://t.co/cBfdI6LF2X,1,1,0,0,0,0,0,0
2860,terrorism,,"Truth...
https://t.co/Kix1j4ZyGx
#News
#BBC
#CNN
#Islam
#Truth
#god
#ISIS
#terrorism
#Quran
#Lies http://t.co/pi6Qn7y7ql",0,0,1,1,1,1,1,1
2868,terrorist,"Lagos, Nigeria.",POLLS: SHOULD THE UNBORN BABIES OF BOKO HARAM TERRORIST BE KILLED IN THEIR MOTHERS WOMB OR SPARED? http://t.co/3skw0DqZ0r,0,0,1,1,1,1,1,1
2893,thunder,Michigan ?? South Carolina,I don't wake up until another 2 hours &amp;&amp; I get interrupted . ????? I hate thunder .. ??,1,1,0,0,0,0,0,0
2898,thunder,ny || ga,it doesn't really get much better then summer thunder storms wrapped in a blanket. #icouldsitinthismomentforever,1,1,0,0,0,0,0,0
2899,thunder,,Idk if ithats thunder or people rolling in their trashcans ??????,1,1,0,0,0,0,0,0
2905,thunderstorm,Cambridge,A Dog Was Abandoned In A Thunderstorm. But Then A Neighbor Steps Up And Does THIS http://t.co/iR3OXEH7id,1,1,0,0,0,0,0,0
2908,thunderstorm,finland,Just woke up to the loudest thunderstorm I've ever heard,1,1,0,0,0,0,0,0
2913,thunderstorm,,Loud ass thunderstorm for no reason !??,1,1,0,0,0,0,0,0
2916,thunderstorm,336,Pretty bad ass thunderstorm,1,1,0,0,0,0,0,0
2929,tornado,"Gurgaon, Haryana.",#TornadoGiveaway åÊ #thebookclub åÊ Join in!! https://t.co/8qucf6sgOc https://t.co/5U1t8hc4uf,1,1,0,0,0,0,0,0
2937,tragedy,"Berkeley, CA",@MindfulYoga responds to the tragedy of #CecilTheLion http://t.co/5tPZ7loLlX #yoga #compassion @Hugger_Mugger http://t.co/MhIF6mPNTs,1,1,0,0,0,0,0,0
2946,trapped,,@LauraE303B @SheilaGunnReid A war we'll never win? There r 2500 Yezidi women trapped as slaves.We know where they are. Doing nothing is evil,1,1,0,0,0,0,0,0
2947,trapped,,Think of it as a reality TV show I tell myself to quell the panic rising in my throat. Introvert: Trapped in Tokyo. The 150-square-foot,1,1,0,0,0,0,0,0
2950,trapped,,(#TeambrianMundial) Hollywood Movie About Trapped Miners Released in Chile: 'The 33' Holly... http://t.co/Ama6AVULnA (#TeambrianMundial),1,1,0,0,0,0,0,0
2954,trapped,USA,Hollywood Movie About Trapped Miners Released in Chile: 'The 33' Hollywood movie about trapped min... http://t.co/BinNJwobtU #topstories,1,1,0,0,0,0,0,0
2957,trapped,Ur BaQ,Hollywood movie about trapped miners released in Chile: SANTIAGO Chile (AP) ÛÓ The Hollywood movie on the 33 m... http://t.co/RAzFkXbhMN,1,1,0,0,0,0,0,0
2973,trauma,,Idk how I'm supposed to have my daughter in gymnastics and cheer at the same time? She refuses to make a choice. Ugh DIVA ??,1,1,0,0,0,0,0,0
2981,trauma,S.P.Brasil,PTSD research aims to answer a question left to future researchers in 1922 by a post WW1 inquiry http://t.co/gRDebWx70f,1,1,0,0,0,0,0,0
2985,traumatised,,@TremendousTroye I'm so traumatised,1,1,0,0,0,0,0,0
2986,traumatised,Time for NON VIOLENT dissent!,"@PeterDutton_MP 
YOU DIDN'T 'STARE' DOWN 'PPL SMUGGLERS' 
YOU PAID THEM TO GO AWAY!
2 men died many traumatised children abused. #auspol",1,1,0,0,0,0,0,0
2988,traumatised,"Halifax, Nova Scotia, Canada",@michellemccann we had that last night - lightning for 2 hours! Poor Dawg traumatised. Ended up huddling in basement. @David_Williamso,1,1,0,0,0,0,0,0
2992,traumatised,Plymouth,Still traumatised at the sight of an old woman throwing her shit out the window ?????,1,1,0,0,0,0,0,0
2995,traumatised,Free and democratic Britain,@lovestheworld55 @SemiMooch so that's why you're now willing to believe nonsense - you were traumatised? Sorry to hear but bible still fake,1,1,0,0,0,0,0,0
2999,trouble,Southeast Michigan (HOTH),Pissed something off in the wood pile. Pulling pieces out and I get a small hiss and a series of low clicks for my trouble.,1,1,0,0,0,0,0,0
3004,trouble,Lansing ?? Ypsilanti,Must black folks don't wanna stir up trouble .. Which in turn causes them to be silent on the injustice in the wrld. https://t.co/a5bKmsasjE,1,1,0,0,0,0,0,0
3019,tsunami,,TheDIYHacks: RT Illusionimagess: A tsunami cloud. http://t.co/H6t4x1EVTx,1,1,0,0,0,0,0,0
3022,tsunami,,When tsunami says your order will take 40 minutes and you placed your order when you were on your way ????,1,1,0,0,0,0,0,0
3026,tsunami,"Evansville, IN",I think Tsunami has hit the wall. Dang... #STLCards,1,1,0,0,0,0,0,0
3036,twister,Flat Rock,when you get stuck on the wicked twister and they have to call maintenance to get you out.. http://t.co/7iFPMFssMU,1,1,0,0,0,0,0,0
3054,upheaval,,Where bottle cherry timbering facilities upheaval entryway?: fJiZzTxK,1,1,0,0,0,0,0,0
3084,volcano,probably watching survivor,The sunset looked like an erupting volcano .... My initial thought was the Pixar short Lava http://t.co/g4sChqFEsT,1,1,0,0,0,0,0,0
3087,volcano,Worcester,@Jesssssssee @eevans17 The Illuminati: The Yellowstone Super Volcano Conspiracy http://t.co/wymv9cYxzK,1,1,0,0,0,0,0,0
3088,volcano,,idgaf fly into a volcano,1,1,0,0,0,0,0,0
3090,volcano,Planet Earth,Learning from the Legacy of a Catastrophic Eruption - The New Yorker http://t.co/y8YqPBE4t9,0,0,1,1,1,1,1,1
3096,volcano,,The Architect Behind Kanye West's Volcano - New York Times http://t.co/3QJUExX0Y0,1,1,0,0,0,0,0,0
3099,war%20zone,Enemy of the state,Sammy is here in this war zone. Jamal spoke to me on the phone. Now my wife is next to speak to me ...what else can&gt; http://t.co/2CppfprxoG,1,1,0,0,0,0,0,0
3123,weapons,Global,Security experts report that the only way to keep Iran 'honest' and stop her march to nuclear weapons is by... http://t.co/DGnbUsfXkw,0,0,1,1,1,1,1,1
3134,whirlwind,GARRUS?,Warcraft has always been this weird referential whirlwind to itself and other things,1,1,0,0,0,0,0,0
3186,windstorm,Rhode Island,A few more photos from this mornings windstorm. We've never seen anything like it! #rhodeisland #warwick,1,1,0,0,0,0,0,0
3190,wounded,"?? Newport , RI ??",You still acting like you were the one wounded. Didn't you do the stabbing?...,1,1,0,0,0,0,0,0
3200,wounds,,He was crushed for our iniquities; the punishment that brought us peace was upon him &amp; by his wounds we are healed. -Isa 53:5,1,1,0,0,0,0,0,0
3218,wreck,"San Antonio, TX",Last week we had a blast hosting Dinner &amp; a Movie Night with 'Wreck-It Ralph' on @FtCarsonPAO! @carsonmwr #TBT http://t.co/tUYPxEoBQa,1,1,0,0,0,0,0,0
3242,wrecked,"Plymouth, England",Almost *wrecked* my van the other day because of this guy (yeah I brake &amp; also care for animals ~ get used to it)! https://t.co/8ZaHavmtT6,1,1,0,0,0,0,0,0
3246,wrecked,Love Reiss,@yakubOObs think he deactivated because his notifications are aids after tesco wrecked him lol,1,1,0,0,0,0,0,0
3247,wrecked,Seattle Washington,RT CNBC '3 words from Disney CEO Bob Iger wrecked Disney's stock says Jim Cramer: http://t.co/f0texKsqhL http://t.co/ilySLaTMgI',1,1,0,0,0,0,0,0
3256,,,To conference attendees! The blue line from the airport has DERAILED - please look into taking a taxi to the hotel! See you soon!,1,1,0,0,0,0,0,0
